variavel,ano,mes,encontrado,url
pet,1991,1,True,https://os.unil.cloud.switch.ch/chelsa02/chelsa/global/monthly/pet/1991/CHELSA_pet_01_1991_V.2.1.tif
pet,1991,2,True,https://os.unil.cloud.switch.ch/chelsa02/chelsa/global/monthly/pet/1991/CHELSA_pet_02_1991_V.2.1.tif
pet,1991,3,True,https://os.unil.cloud.switch.ch/chelsa02/chelsa/global/monthly/pet/1991/CHELSA_pet_03_1991_V.2.1.tif
pet,1991,4,True,https://os.unil.cloud.switch.ch/chelsa02/chelsa/global/monthly/pet/1991/CHELSA_pet_04_1991_V.2.1.tif
pet,1991,5,True,https://os.unil.cloud.switch.ch/chelsa02/chelsa/global/monthly/pet/1991/CHELSA_pet_05_1991_V.2.1.tif
pet,1991,6,True,https://os.unil.cloud.switch.ch/chelsa02/chelsa/global/monthly/pet/1991/CHELSA_pet_06_1991_V.2.1.tif
pet,1991,7,True,https://os.unil.cloud.switch.ch/chelsa02/chelsa/global/monthly/pet/1991/CHELSA_pet_07_1991_V.2.1.tif
pet,1991,8,True,https://os.unil.cloud.switch.ch/chelsa02/chelsa/global/monthly/pet/1991/CHELSA_pet_08_1991_V.2.1.tif
pet,1991,9,True,https://os.unil.cloud.switch.ch/chelsa02/chelsa/global/monthly/pet/1991/CHELSA_pet_09_1991_V.2.1.tif
pet,1991,10,True,https://os.unil.cloud.switch.ch/chelsa02/chelsa/global/monthly/pet/1991/CHELSA_pet_10_1991_V.2.1.tif
pet,1991,11,True,https://os.unil.cloud.switch.ch/chelsa02/chelsa/global/monthly/pet/1991/CHELSA_pet_11_1991_V.2.1.tif
pet,1991,12,True,https://os.unil.cloud.switch.ch/chelsa02/chelsa/global/monthly/pet/1991/CHELSA_pet_12_1991_V.2.1.tif
pet,1992,1,True,https://os.unil.cloud.switch.ch/chelsa02/chelsa/global/monthly/pet/1992/CHELSA_pet_01_1992_V.2.1.tif
pet,1992,2,True,https://os.unil.cloud.switch.ch/chelsa02/chelsa/global/monthly/pet/1992/CHELSA_pet_02_1992_V.2.1.tif
pet,1992,3,True,https://os.unil.cloud.switch.ch/chelsa02/chelsa/global/monthly/pet/1992/CHELSA_pet_03_1992_V.2.1.tif
pet,1992,4,True,https://os.unil.cloud.switch.ch/chelsa02/chelsa/global/monthly/pet/1992/CHELSA_pet_04_1992_V.2.1.tif
pet,1992,5,True,https://os.unil.cloud.switch.ch/chelsa02/chelsa/global/monthly/pet/1992/CHELSA_pet_05_1992_V.2.1.tif
pet,1992,6,True,https://os.unil.cloud.switch.ch/chelsa02/chelsa/global/monthly/pet/1992/CHELSA_pet_06_1992_V.2.1.tif
pet,1992,7,True,https://os.unil.cloud.switch.ch/chelsa02/chelsa/global/monthly/pet/1992/CHELSA_pet_07_1992_V.2.1.tif
pet,1992,8,True,https://os.unil.cloud.switch.ch/chelsa02/chelsa/global/monthly/pet/1992/CHELSA_pet_08_1992_V.2.1.tif
pet,1992,9,True,https://os.unil.cloud.switch.ch/chelsa02/chelsa/global/monthly/pet/1992/CHELSA_pet_09_1992_V.2.1.tif
pet,1992,10,True,https://os.unil.cloud.switch.ch/chelsa02/chelsa/global/monthly/pet/1992/CHELSA_pet_10_1992_V.2.1.tif
pet,1992,11,True,https://os.unil.cloud.switch.ch/chelsa02/chelsa/global/monthly/pet/1992/CHELSA_pet_11_1992_V.2.1.tif
pet,1992,12,True,https://os.unil.cloud.switch.ch/chelsa02/chelsa/global/monthly/pet/1992/CHELSA_pet_12_1992_V.2.1.tif
pet,1993,1,True,https://os.unil.cloud.switch.ch/chelsa02/chelsa/global/monthly/pet/1993/CHELSA_pet_01_1993_V.2.1.tif
pet,1993,2,True,https://os.unil.cloud.switch.ch/chelsa02/chelsa/global/monthly/pet/1993/CHELSA_pet_02_1993_V.2.1.tif
pet,1993,3,True,https://os.unil.cloud.switch.ch/chelsa02/chelsa/global/monthly/pet/1993/CHELSA_pet_03_1993_V.2.1.tif
pet,1993,4,True,https://os.unil.cloud.switch.ch/chelsa02/chelsa/global/monthly/pet/1993/CHELSA_pet_04_1993_V.2.1.tif
pet,1993,5,True,https://os.unil.cloud.switch.ch/chelsa02/chelsa/global/monthly/pet/1993/CHELSA_pet_05_1993_V.2.1.tif
pet,1993,6,True,https://os.unil.cloud.switch.ch/chelsa02/chelsa/global/monthly/pet/1993/CHELSA_pet_06_1993_V.2.1.tif
pet,1993,7,True,https://os.unil.cloud.switch.ch/chelsa02/chelsa/global/monthly/pet/1993/CHELSA_pet_07_1993_V.2.1.tif
pet,1993,8,True,https://os.unil.cloud.switch.ch/chelsa02/chelsa/global/monthly/pet/1993/CHELSA_pet_08_1993_V.2.1.tif
pet,1993,9,True,https://os.unil.cloud.switch.ch/chelsa02/chelsa/global/monthly/pet/1993/CHELSA_pet_09_1993_V.2.1.tif
pet,1993,10,True,https://os.unil.cloud.switch.ch/chelsa02/chelsa/global/monthly/pet/1993/CHELSA_pet_10_1993_V.2.1.tif
pet,1993,11,True,https://os.unil.cloud.switch.ch/chelsa02/chelsa/global/monthly/pet/1993/CHELSA_pet_11_1993_V.2.1.tif
pet,1993,12,True,https://os.unil.cloud.switch.ch/chelsa02/chelsa/global/monthly/pet/1993/CHELSA_pet_12_1993_V.2.1.tif
pet,1994,1,True,https://os.unil.cloud.switch.ch/chelsa02/chelsa/global/monthly/pet/1994/CHELSA_pet_01_1994_V.2.1.tif
pet,1994,2,True,https://os.unil.cloud.switch.ch/chelsa02/chelsa/global/monthly/pet/1994/CHELSA_pet_02_1994_V.2.1.tif
pet,1994,3,True,https://os.unil.cloud.switch.ch/chelsa02/chelsa/global/monthly/pet/1994/CHELSA_pet_03_1994_V.2.1.tif
pet,1994,4,True,https://os.unil.cloud.switch.ch/chelsa02/chelsa/global/monthly/pet/1994/CHELSA_pet_04_1994_V.2.1.tif
pet,1994,5,True,https://os.unil.cloud.switch.ch/chelsa02/chelsa/global/monthly/pet/1994/CHELSA_pet_05_1994_V.2.1.tif
pet,1994,6,True,https://os.unil.cloud.switch.ch/chelsa02/chelsa/global/monthly/pet/1994/CHELSA_pet_06_1994_V.2.1.tif
pet,1994,7,True,https://os.unil.cloud.switch.ch/chelsa02/chelsa/global/monthly/pet/1994/CHELSA_pet_07_1994_V.2.1.tif
pet,1994,8,True,https://os.unil.cloud.switch.ch/chelsa02/chelsa/global/monthly/pet/1994/CHELSA_pet_08_1994_V.2.1.tif
pet,1994,9,True,https://os.unil.cloud.switch.ch/chelsa02/chelsa/global/monthly/pet/1994/CHELSA_pet_09_1994_V.2.1.tif
pet,1994,10,True,https://os.unil.cloud.switch.ch/chelsa02/chelsa/global/monthly/pet/1994/CHELSA_pet_10_1994_V.2.1.tif
pet,1994,11,True,https://os.unil.cloud.switch.ch/chelsa02/chelsa/global/monthly/pet/1994/CHELSA_pet_11_1994_V.2.1.tif
pet,1994,12,True,https://os.unil.cloud.switch.ch/chelsa02/chelsa/global/monthly/pet/1994/CHELSA_pet_12_1994_V.2.1.tif
pet,1995,1,True,https://os.unil.cloud.switch.ch/chelsa02/chelsa/global/monthly/pet/1995/CHELSA_pet_01_1995_V.2.1.tif
pet,1995,2,True,https://os.unil.cloud.switch.ch/chelsa02/chelsa/global/monthly/pet/1995/CHELSA_pet_02_1995_V.2.1.tif
pet,1995,3,True,https://os.unil.cloud.switch.ch/chelsa02/chelsa/global/monthly/pet/1995/CHELSA_pet_03_1995_V.2.1.tif
pet,1995,4,True,https://os.unil.cloud.switch.ch/chelsa02/chelsa/global/monthly/pet/1995/CHELSA_pet_04_1995_V.2.1.tif
pet,1995,5,True,https://os.unil.cloud.switch.ch/chelsa02/chelsa/global/monthly/pet/1995/CHELSA_pet_05_1995_V.2.1.tif
pet,1995,6,True,https://os.unil.cloud.switch.ch/chelsa02/chelsa/global/monthly/pet/1995/CHELSA_pet_06_1995_V.2.1.tif
pet,1995,7,True,https://os.unil.cloud.switch.ch/chelsa02/chelsa/global/monthly/pet/1995/CHELSA_pet_07_1995_V.2.1.tif
pet,1995,8,True,https://os.unil.cloud.switch.ch/chelsa02/chelsa/global/monthly/pet/1995/CHELSA_pet_08_1995_V.2.1.tif
pet,1995,9,True,https://os.unil.cloud.switch.ch/chelsa02/chelsa/global/monthly/pet/1995/CHELSA_pet_09_1995_V.2.1.tif
pet,1995,10,True,https://os.unil.cloud.switch.ch/chelsa02/chelsa/global/monthly/pet/1995/CHELSA_pet_10_1995_V.2.1.tif
pet,1995,11,True,https://os.unil.cloud.switch.ch/chelsa02/chelsa/global/monthly/pet/1995/CHELSA_pet_11_1995_V.2.1.tif
pet,1995,12,True,https://os.unil.cloud.switch.ch/chelsa02/chelsa/global/monthly/pet/1995/CHELSA_pet_12_1995_V.2.1.tif
pet,1996,1,True,https://os.unil.cloud.switch.ch/chelsa02/chelsa/global/monthly/pet/1996/CHELSA_pet_01_1996_V.2.1.tif
pet,1996,2,True,https://os.unil.cloud.switch.ch/chelsa02/chelsa/global/monthly/pet/1996/CHELSA_pet_02_1996_V.2.1.tif
pet,1996,3,True,https://os.unil.cloud.switch.ch/chelsa02/chelsa/global/monthly/pet/1996/CHELSA_pet_03_1996_V.2.1.tif
pet,1996,4,True,https://os.unil.cloud.switch.ch/chelsa02/chelsa/global/monthly/pet/1996/CHELSA_pet_04_1996_V.2.1.tif
pet,1996,5,True,https://os.unil.cloud.switch.ch/chelsa02/chelsa/global/monthly/pet/1996/CHELSA_pet_05_1996_V.2.1.tif
pet,1996,6,True,https://os.unil.cloud.switch.ch/chelsa02/chelsa/global/monthly/pet/1996/CHELSA_pet_06_1996_V.2.1.tif
pet,1996,7,True,https://os.unil.cloud.switch.ch/chelsa02/chelsa/global/monthly/pet/1996/CHELSA_pet_07_1996_V.2.1.tif
pet,1996,8,True,https://os.unil.cloud.switch.ch/chelsa02/chelsa/global/monthly/pet/1996/CHELSA_pet_08_1996_V.2.1.tif
pet,1996,9,True,https://os.unil.cloud.switch.ch/chelsa02/chelsa/global/monthly/pet/1996/CHELSA_pet_09_1996_V.2.1.tif
pet,1996,10,True,https://os.unil.cloud.switch.ch/chelsa02/chelsa/global/monthly/pet/1996/CHELSA_pet_10_1996_V.2.1.tif
pet,1996,11,True,https://os.unil.cloud.switch.ch/chelsa02/chelsa/global/monthly/pet/1996/CHELSA_pet_11_1996_V.2.1.tif
pet,1996,12,True,https://os.unil.cloud.switch.ch/chelsa02/chelsa/global/monthly/pet/1996/CHELSA_pet_12_1996_V.2.1.tif
pet,1997,1,True,https://os.unil.cloud.switch.ch/chelsa02/chelsa/global/monthly/pet/1997/CHELSA_pet_01_1997_V.2.1.tif
pet,1997,2,True,https://os.unil.cloud.switch.ch/chelsa02/chelsa/global/monthly/pet/1997/CHELSA_pet_02_1997_V.2.1.tif
pet,1997,3,True,https://os.unil.cloud.switch.ch/chelsa02/chelsa/global/monthly/pet/1997/CHELSA_pet_03_1997_V.2.1.tif
pet,1997,4,True,https://os.unil.cloud.switch.ch/chelsa02/chelsa/global/monthly/pet/1997/CHELSA_pet_04_1997_V.2.1.tif
pet,1997,5,True,https://os.unil.cloud.switch.ch/chelsa02/chelsa/global/monthly/pet/1997/CHELSA_pet_05_1997_V.2.1.tif
pet,1997,6,True,https://os.unil.cloud.switch.ch/chelsa02/chelsa/global/monthly/pet/1997/CHELSA_pet_06_1997_V.2.1.tif
pet,1997,7,True,https://os.unil.cloud.switch.ch/chelsa02/chelsa/global/monthly/pet/1997/CHELSA_pet_07_1997_V.2.1.tif
pet,1997,8,True,https://os.unil.cloud.switch.ch/chelsa02/chelsa/global/monthly/pet/1997/CHELSA_pet_08_1997_V.2.1.tif
pet,1997,9,True,https://os.unil.cloud.switch.ch/chelsa02/chelsa/global/monthly/pet/1997/CHELSA_pet_09_1997_V.2.1.tif
pet,1997,10,True,https://os.unil.cloud.switch.ch/chelsa02/chelsa/global/monthly/pet/1997/CHELSA_pet_10_1997_V.2.1.tif
pet,1997,11,True,https://os.unil.cloud.switch.ch/chelsa02/chelsa/global/monthly/pet/1997/CHELSA_pet_11_1997_V.2.1.tif
pet,1997,12,True,https://os.unil.cloud.switch.ch/chelsa02/chelsa/global/monthly/pet/1997/CHELSA_pet_12_1997_V.2.1.tif
pet,1998,1,True,https://os.unil.cloud.switch.ch/chelsa02/chelsa/global/monthly/pet/1998/CHELSA_pet_01_1998_V.2.1.tif
pet,1998,2,True,https://os.unil.cloud.switch.ch/chelsa02/chelsa/global/monthly/pet/1998/CHELSA_pet_02_1998_V.2.1.tif
pet,1998,3,True,https://os.unil.cloud.switch.ch/chelsa02/chelsa/global/monthly/pet/1998/CHELSA_pet_03_1998_V.2.1.tif
pet,1998,4,True,https://os.unil.cloud.switch.ch/chelsa02/chelsa/global/monthly/pet/1998/CHELSA_pet_04_1998_V.2.1.tif
pet,1998,5,True,https://os.unil.cloud.switch.ch/chelsa02/chelsa/global/monthly/pet/1998/CHELSA_pet_05_1998_V.2.1.tif
pet,1998,6,True,https://os.unil.cloud.switch.ch/chelsa02/chelsa/global/monthly/pet/1998/CHELSA_pet_06_1998_V.2.1.tif
pet,1998,7,True,https://os.unil.cloud.switch.ch/chelsa02/chelsa/global/monthly/pet/1998/CHELSA_pet_07_1998_V.2.1.tif
pet,1998,8,True,https://os.unil.cloud.switch.ch/chelsa02/chelsa/global/monthly/pet/1998/CHELSA_pet_08_1998_V.2.1.tif
pet,1998,9,True,https://os.unil.cloud.switch.ch/chelsa02/chelsa/global/monthly/pet/1998/CHELSA_pet_09_1998_V.2.1.tif
pet,1998,10,True,https://os.unil.cloud.switch.ch/chelsa02/chelsa/global/monthly/pet/1998/CHELSA_pet_10_1998_V.2.1.tif
pet,1998,11,True,https://os.unil.cloud.switch.ch/chelsa02/chelsa/global/monthly/pet/1998/CHELSA_pet_11_1998_V.2.1.tif
pet,1998,12,True,https://os.unil.cloud.switch.ch/chelsa02/chelsa/global/monthly/pet/1998/CHELSA_pet_12_1998_V.2.1.tif
pet,1999,1,True,https://os.unil.cloud.switch.ch/chelsa02/chelsa/global/monthly/pet/1999/CHELSA_pet_01_1999_V.2.1.tif
pet,1999,2,True,https://os.unil.cloud.switch.ch/chelsa02/chelsa/global/monthly/pet/1999/CHELSA_pet_02_1999_V.2.1.tif
pet,1999,3,True,https://os.unil.cloud.switch.ch/chelsa02/chelsa/global/monthly/pet/1999/CHELSA_pet_03_1999_V.2.1.tif
pet,1999,4,True,https://os.unil.cloud.switch.ch/chelsa02/chelsa/global/monthly/pet/1999/CHELSA_pet_04_1999_V.2.1.tif
pet,1999,5,True,https://os.unil.cloud.switch.ch/chelsa02/chelsa/global/monthly/pet/1999/CHELSA_pet_05_1999_V.2.1.tif
pet,1999,6,True,https://os.unil.cloud.switch.ch/chelsa02/chelsa/global/monthly/pet/1999/CHELSA_pet_06_1999_V.2.1.tif
pet,1999,7,True,https://os.unil.cloud.switch.ch/chelsa02/chelsa/global/monthly/pet/1999/CHELSA_pet_07_1999_V.2.1.tif
pet,1999,8,True,https://os.unil.cloud.switch.ch/chelsa02/chelsa/global/monthly/pet/1999/CHELSA_pet_08_1999_V.2.1.tif
pet,1999,9,True,https://os.unil.cloud.switch.ch/chelsa02/chelsa/global/monthly/pet/1999/CHELSA_pet_09_1999_V.2.1.tif
pet,1999,10,True,https://os.unil.cloud.switch.ch/chelsa02/chelsa/global/monthly/pet/1999/CHELSA_pet_10_1999_V.2.1.tif
pet,1999,11,True,https://os.unil.cloud.switch.ch/chelsa02/chelsa/global/monthly/pet/1999/CHELSA_pet_11_1999_V.2.1.tif
pet,1999,12,True,https://os.unil.cloud.switch.ch/chelsa02/chelsa/global/monthly/pet/1999/CHELSA_pet_12_1999_V.2.1.tif
pet,2000,1,True,https://os.unil.cloud.switch.ch/chelsa02/chelsa/global/monthly/pet/2000/CHELSA_pet_01_2000_V.2.1.tif
pet,2000,2,True,https://os.unil.cloud.switch.ch/chelsa02/chelsa/global/monthly/pet/2000/CHELSA_pet_02_2000_V.2.1.tif
pet,2000,3,True,https://os.unil.cloud.switch.ch/chelsa02/chelsa/global/monthly/pet/2000/CHELSA_pet_03_2000_V.2.1.tif
pet,2000,4,True,https://os.unil.cloud.switch.ch/chelsa02/chelsa/global/monthly/pet/2000/CHELSA_pet_04_2000_V.2.1.tif
pet,2000,5,True,https://os.unil.cloud.switch.ch/chelsa02/chelsa/global/monthly/pet/2000/CHELSA_pet_05_2000_V.2.1.tif
pet,2000,6,True,https://os.unil.cloud.switch.ch/chelsa02/chelsa/global/monthly/pet/2000/CHELSA_pet_06_2000_V.2.1.tif
pet,2000,7,True,https://os.unil.cloud.switch.ch/chelsa02/chelsa/global/monthly/pet/2000/CHELSA_pet_07_2000_V.2.1.tif
pet,2000,8,True,https://os.unil.cloud.switch.ch/chelsa02/chelsa/global/monthly/pet/2000/CHELSA_pet_08_2000_V.2.1.tif
pet,2000,9,True,https://os.unil.cloud.switch.ch/chelsa02/chelsa/global/monthly/pet/2000/CHELSA_pet_09_2000_V.2.1.tif
pet,2000,10,True,https://os.unil.cloud.switch.ch/chelsa02/chelsa/global/monthly/pet/2000/CHELSA_pet_10_2000_V.2.1.tif
pet,2000,11,True,https://os.unil.cloud.switch.ch/chelsa02/chelsa/global/monthly/pet/2000/CHELSA_pet_11_2000_V.2.1.tif
pet,2000,12,True,https://os.unil.cloud.switch.ch/chelsa02/chelsa/global/monthly/pet/2000/CHELSA_pet_12_2000_V.2.1.tif
pet,2001,1,True,https://os.unil.cloud.switch.ch/chelsa02/chelsa/global/monthly/pet/2001/CHELSA_pet_01_2001_V.2.1.tif
pet,2001,2,True,https://os.unil.cloud.switch.ch/chelsa02/chelsa/global/monthly/pet/2001/CHELSA_pet_02_2001_V.2.1.tif
pet,2001,3,True,https://os.unil.cloud.switch.ch/chelsa02/chelsa/global/monthly/pet/2001/CHELSA_pet_03_2001_V.2.1.tif
pet,2001,4,True,https://os.unil.cloud.switch.ch/chelsa02/chelsa/global/monthly/pet/2001/CHELSA_pet_04_2001_V.2.1.tif
pet,2001,5,True,https://os.unil.cloud.switch.ch/chelsa02/chelsa/global/monthly/pet/2001/CHELSA_pet_05_2001_V.2.1.tif
pet,2001,6,True,https://os.unil.cloud.switch.ch/chelsa02/chelsa/global/monthly/pet/2001/CHELSA_pet_06_2001_V.2.1.tif
pet,2001,7,True,https://os.unil.cloud.switch.ch/chelsa02/chelsa/global/monthly/pet/2001/CHELSA_pet_07_2001_V.2.1.tif
pet,2001,8,True,https://os.unil.cloud.switch.ch/chelsa02/chelsa/global/monthly/pet/2001/CHELSA_pet_08_2001_V.2.1.tif
pet,2001,9,True,https://os.unil.cloud.switch.ch/chelsa02/chelsa/global/monthly/pet/2001/CHELSA_pet_09_2001_V.2.1.tif
pet,2001,10,True,https://os.unil.cloud.switch.ch/chelsa02/chelsa/global/monthly/pet/2001/CHELSA_pet_10_2001_V.2.1.tif
pet,2001,11,True,https://os.unil.cloud.switch.ch/chelsa02/chelsa/global/monthly/pet/2001/CHELSA_pet_11_2001_V.2.1.tif
pet,2001,12,True,https://os.unil.cloud.switch.ch/chelsa02/chelsa/global/monthly/pet/2001/CHELSA_pet_12_2001_V.2.1.tif
pet,2002,1,True,https://os.unil.cloud.switch.ch/chelsa02/chelsa/global/monthly/pet/2002/CHELSA_pet_01_2002_V.2.1.tif
pet,2002,2,True,https://os.unil.cloud.switch.ch/chelsa02/chelsa/global/monthly/pet/2002/CHELSA_pet_02_2002_V.2.1.tif
pet,2002,3,True,https://os.unil.cloud.switch.ch/chelsa02/chelsa/global/monthly/pet/2002/CHELSA_pet_03_2002_V.2.1.tif
pet,2002,4,True,https://os.unil.cloud.switch.ch/chelsa02/chelsa/global/monthly/pet/2002/CHELSA_pet_04_2002_V.2.1.tif
pet,2002,5,True,https://os.unil.cloud.switch.ch/chelsa02/chelsa/global/monthly/pet/2002/CHELSA_pet_05_2002_V.2.1.tif
pet,2002,6,True,https://os.unil.cloud.switch.ch/chelsa02/chelsa/global/monthly/pet/2002/CHELSA_pet_06_2002_V.2.1.tif
pet,2002,7,True,https://os.unil.cloud.switch.ch/chelsa02/chelsa/global/monthly/pet/2002/CHELSA_pet_07_2002_V.2.1.tif
pet,2002,8,True,https://os.unil.cloud.switch.ch/chelsa02/chelsa/global/monthly/pet/2002/CHELSA_pet_08_2002_V.2.1.tif
pet,2002,9,True,https://os.unil.cloud.switch.ch/chelsa02/chelsa/global/monthly/pet/2002/CHELSA_pet_09_2002_V.2.1.tif
pet,2002,10,True,https://os.unil.cloud.switch.ch/chelsa02/chelsa/global/monthly/pet/2002/CHELSA_pet_10_2002_V.2.1.tif
pet,2002,11,True,https://os.unil.cloud.switch.ch/chelsa02/chelsa/global/monthly/pet/2002/CHELSA_pet_11_2002_V.2.1.tif
pet,2002,12,True,https://os.unil.cloud.switch.ch/chelsa02/chelsa/global/monthly/pet/2002/CHELSA_pet_12_2002_V.2.1.tif
pet,2003,1,True,https://os.unil.cloud.switch.ch/chelsa02/chelsa/global/monthly/pet/2003/CHELSA_pet_01_2003_V.2.1.tif
pet,2003,2,True,https://os.unil.cloud.switch.ch/chelsa02/chelsa/global/monthly/pet/2003/CHELSA_pet_02_2003_V.2.1.tif
pet,2003,3,True,https://os.unil.cloud.switch.ch/chelsa02/chelsa/global/monthly/pet/2003/CHELSA_pet_03_2003_V.2.1.tif
pet,2003,4,True,https://os.unil.cloud.switch.ch/chelsa02/chelsa/global/monthly/pet/2003/CHELSA_pet_04_2003_V.2.1.tif
pet,2003,5,True,https://os.unil.cloud.switch.ch/chelsa02/chelsa/global/monthly/pet/2003/CHELSA_pet_05_2003_V.2.1.tif
pet,2003,6,True,https://os.unil.cloud.switch.ch/chelsa02/chelsa/global/monthly/pet/2003/CHELSA_pet_06_2003_V.2.1.tif
pet,2003,7,True,https://os.unil.cloud.switch.ch/chelsa02/chelsa/global/monthly/pet/2003/CHELSA_pet_07_2003_V.2.1.tif
pet,2003,8,True,https://os.unil.cloud.switch.ch/chelsa02/chelsa/global/monthly/pet/2003/CHELSA_pet_08_2003_V.2.1.tif
pet,2003,9,True,https://os.unil.cloud.switch.ch/chelsa02/chelsa/global/monthly/pet/2003/CHELSA_pet_09_2003_V.2.1.tif
pet,2003,10,True,https://os.unil.cloud.switch.ch/chelsa02/chelsa/global/monthly/pet/2003/CHELSA_pet_10_2003_V.2.1.tif
pet,2003,11,True,https://os.unil.cloud.switch.ch/chelsa02/chelsa/global/monthly/pet/2003/CHELSA_pet_11_2003_V.2.1.tif
pet,2003,12,True,https://os.unil.cloud.switch.ch/chelsa02/chelsa/global/monthly/pet/2003/CHELSA_pet_12_2003_V.2.1.tif
pet,2004,1,True,https://os.unil.cloud.switch.ch/chelsa02/chelsa/global/monthly/pet/2004/CHELSA_pet_01_2004_V.2.1.tif
pet,2004,2,True,https://os.unil.cloud.switch.ch/chelsa02/chelsa/global/monthly/pet/2004/CHELSA_pet_02_2004_V.2.1.tif
pet,2004,3,True,https://os.unil.cloud.switch.ch/chelsa02/chelsa/global/monthly/pet/2004/CHELSA_pet_03_2004_V.2.1.tif
pet,2004,4,True,https://os.unil.cloud.switch.ch/chelsa02/chelsa/global/monthly/pet/2004/CHELSA_pet_04_2004_V.2.1.tif
pet,2004,5,True,https://os.unil.cloud.switch.ch/chelsa02/chelsa/global/monthly/pet/2004/CHELSA_pet_05_2004_V.2.1.tif
pet,2004,6,True,https://os.unil.cloud.switch.ch/chelsa02/chelsa/global/monthly/pet/2004/CHELSA_pet_06_2004_V.2.1.tif
pet,2004,7,True,https://os.unil.cloud.switch.ch/chelsa02/chelsa/global/monthly/pet/2004/CHELSA_pet_07_2004_V.2.1.tif
pet,2004,8,True,https://os.unil.cloud.switch.ch/chelsa02/chelsa/global/monthly/pet/2004/CHELSA_pet_08_2004_V.2.1.tif
pet,2004,9,True,https://os.unil.cloud.switch.ch/chelsa02/chelsa/global/monthly/pet/2004/CHELSA_pet_09_2004_V.2.1.tif
pet,2004,10,True,https://os.unil.cloud.switch.ch/chelsa02/chelsa/global/monthly/pet/2004/CHELSA_pet_10_2004_V.2.1.tif
pet,2004,11,True,https://os.unil.cloud.switch.ch/chelsa02/chelsa/global/monthly/pet/2004/CHELSA_pet_11_2004_V.2.1.tif
pet,2004,12,True,https://os.unil.cloud.switch.ch/chelsa02/chelsa/global/monthly/pet/2004/CHELSA_pet_12_2004_V.2.1.tif
pet,2005,1,True,https://os.unil.cloud.switch.ch/chelsa02/chelsa/global/monthly/pet/2005/CHELSA_pet_01_2005_V.2.1.tif
pet,2005,2,True,https://os.unil.cloud.switch.ch/chelsa02/chelsa/global/monthly/pet/2005/CHELSA_pet_02_2005_V.2.1.tif
pet,2005,3,True,https://os.unil.cloud.switch.ch/chelsa02/chelsa/global/monthly/pet/2005/CHELSA_pet_03_2005_V.2.1.tif
pet,2005,4,True,https://os.unil.cloud.switch.ch/chelsa02/chelsa/global/monthly/pet/2005/CHELSA_pet_04_2005_V.2.1.tif
pet,2005,5,True,https://os.unil.cloud.switch.ch/chelsa02/chelsa/global/monthly/pet/2005/CHELSA_pet_05_2005_V.2.1.tif
pet,2005,6,True,https://os.unil.cloud.switch.ch/chelsa02/chelsa/global/monthly/pet/2005/CHELSA_pet_06_2005_V.2.1.tif
pet,2005,7,True,https://os.unil.cloud.switch.ch/chelsa02/chelsa/global/monthly/pet/2005/CHELSA_pet_07_2005_V.2.1.tif
pet,2005,8,True,https://os.unil.cloud.switch.ch/chelsa02/chelsa/global/monthly/pet/2005/CHELSA_pet_08_2005_V.2.1.tif
pet,2005,9,True,https://os.unil.cloud.switch.ch/chelsa02/chelsa/global/monthly/pet/2005/CHELSA_pet_09_2005_V.2.1.tif
pet,2005,10,True,https://os.unil.cloud.switch.ch/chelsa02/chelsa/global/monthly/pet/2005/CHELSA_pet_10_2005_V.2.1.tif
pet,2005,11,True,https://os.unil.cloud.switch.ch/chelsa02/chelsa/global/monthly/pet/2005/CHELSA_pet_11_2005_V.2.1.tif
pet,2005,12,True,https://os.unil.cloud.switch.ch/chelsa02/chelsa/global/monthly/pet/2005/CHELSA_pet_12_2005_V.2.1.tif
pet,2006,1,True,https://os.unil.cloud.switch.ch/chelsa02/chelsa/global/monthly/pet/2006/CHELSA_pet_01_2006_V.2.1.tif
pet,2006,2,True,https://os.unil.cloud.switch.ch/chelsa02/chelsa/global/monthly/pet/2006/CHELSA_pet_02_2006_V.2.1.tif
pet,2006,3,True,https://os.unil.cloud.switch.ch/chelsa02/chelsa/global/monthly/pet/2006/CHELSA_pet_03_2006_V.2.1.tif
pet,2006,4,True,https://os.unil.cloud.switch.ch/chelsa02/chelsa/global/monthly/pet/2006/CHELSA_pet_04_2006_V.2.1.tif
pet,2006,5,True,https://os.unil.cloud.switch.ch/chelsa02/chelsa/global/monthly/pet/2006/CHELSA_pet_05_2006_V.2.1.tif
pet,2006,6,True,https://os.unil.cloud.switch.ch/chelsa02/chelsa/global/monthly/pet/2006/CHELSA_pet_06_2006_V.2.1.tif
pet,2006,7,True,https://os.unil.cloud.switch.ch/chelsa02/chelsa/global/monthly/pet/2006/CHELSA_pet_07_2006_V.2.1.tif
pet,2006,8,True,https://os.unil.cloud.switch.ch/chelsa02/chelsa/global/monthly/pet/2006/CHELSA_pet_08_2006_V.2.1.tif
pet,2006,9,True,https://os.unil.cloud.switch.ch/chelsa02/chelsa/global/monthly/pet/2006/CHELSA_pet_09_2006_V.2.1.tif
pet,2006,10,True,https://os.unil.cloud.switch.ch/chelsa02/chelsa/global/monthly/pet/2006/CHELSA_pet_10_2006_V.2.1.tif
pet,2006,11,True,https://os.unil.cloud.switch.ch/chelsa02/chelsa/global/monthly/pet/2006/CHELSA_pet_11_2006_V.2.1.tif
pet,2006,12,True,https://os.unil.cloud.switch.ch/chelsa02/chelsa/global/monthly/pet/2006/CHELSA_pet_12_2006_V.2.1.tif
pet,2007,1,True,https://os.unil.cloud.switch.ch/chelsa02/chelsa/global/monthly/pet/2007/CHELSA_pet_01_2007_V.2.1.tif
pet,2007,2,True,https://os.unil.cloud.switch.ch/chelsa02/chelsa/global/monthly/pet/2007/CHELSA_pet_02_2007_V.2.1.tif
pet,2007,3,True,https://os.unil.cloud.switch.ch/chelsa02/chelsa/global/monthly/pet/2007/CHELSA_pet_03_2007_V.2.1.tif
pet,2007,4,True,https://os.unil.cloud.switch.ch/chelsa02/chelsa/global/monthly/pet/2007/CHELSA_pet_04_2007_V.2.1.tif
pet,2007,5,True,https://os.unil.cloud.switch.ch/chelsa02/chelsa/global/monthly/pet/2007/CHELSA_pet_05_2007_V.2.1.tif
pet,2007,6,True,https://os.unil.cloud.switch.ch/chelsa02/chelsa/global/monthly/pet/2007/CHELSA_pet_06_2007_V.2.1.tif
pet,2007,7,True,https://os.unil.cloud.switch.ch/chelsa02/chelsa/global/monthly/pet/2007/CHELSA_pet_07_2007_V.2.1.tif
pet,2007,8,True,https://os.unil.cloud.switch.ch/chelsa02/chelsa/global/monthly/pet/2007/CHELSA_pet_08_2007_V.2.1.tif
pet,2007,9,True,https://os.unil.cloud.switch.ch/chelsa02/chelsa/global/monthly/pet/2007/CHELSA_pet_09_2007_V.2.1.tif
pet,2007,10,True,https://os.unil.cloud.switch.ch/chelsa02/chelsa/global/monthly/pet/2007/CHELSA_pet_10_2007_V.2.1.tif
pet,2007,11,True,https://os.unil.cloud.switch.ch/chelsa02/chelsa/global/monthly/pet/2007/CHELSA_pet_11_2007_V.2.1.tif
pet,2007,12,True,https://os.unil.cloud.switch.ch/chelsa02/chelsa/global/monthly/pet/2007/CHELSA_pet_12_2007_V.2.1.tif
pet,2008,1,True,https://os.unil.cloud.switch.ch/chelsa02/chelsa/global/monthly/pet/2008/CHELSA_pet_01_2008_V.2.1.tif
pet,2008,2,True,https://os.unil.cloud.switch.ch/chelsa02/chelsa/global/monthly/pet/2008/CHELSA_pet_02_2008_V.2.1.tif
pet,2008,3,True,https://os.unil.cloud.switch.ch/chelsa02/chelsa/global/monthly/pet/2008/CHELSA_pet_03_2008_V.2.1.tif
pet,2008,4,True,https://os.unil.cloud.switch.ch/chelsa02/chelsa/global/monthly/pet/2008/CHELSA_pet_04_2008_V.2.1.tif
pet,2008,5,True,https://os.unil.cloud.switch.ch/chelsa02/chelsa/global/monthly/pet/2008/CHELSA_pet_05_2008_V.2.1.tif
pet,2008,6,True,https://os.unil.cloud.switch.ch/chelsa02/chelsa/global/monthly/pet/2008/CHELSA_pet_06_2008_V.2.1.tif
pet,2008,7,True,https://os.unil.cloud.switch.ch/chelsa02/chelsa/global/monthly/pet/2008/CHELSA_pet_07_2008_V.2.1.tif
pet,2008,8,True,https://os.unil.cloud.switch.ch/chelsa02/chelsa/global/monthly/pet/2008/CHELSA_pet_08_2008_V.2.1.tif
pet,2008,9,True,https://os.unil.cloud.switch.ch/chelsa02/chelsa/global/monthly/pet/2008/CHELSA_pet_09_2008_V.2.1.tif
pet,2008,10,True,https://os.unil.cloud.switch.ch/chelsa02/chelsa/global/monthly/pet/2008/CHELSA_pet_10_2008_V.2.1.tif
pet,2008,11,True,https://os.unil.cloud.switch.ch/chelsa02/chelsa/global/monthly/pet/2008/CHELSA_pet_11_2008_V.2.1.tif
pet,2008,12,True,https://os.unil.cloud.switch.ch/chelsa02/chelsa/global/monthly/pet/2008/CHELSA_pet_12_2008_V.2.1.tif
pet,2009,1,True,https://os.unil.cloud.switch.ch/chelsa02/chelsa/global/monthly/pet/2009/CHELSA_pet_01_2009_V.2.1.tif
pet,2009,2,True,https://os.unil.cloud.switch.ch/chelsa02/chelsa/global/monthly/pet/2009/CHELSA_pet_02_2009_V.2.1.tif
pet,2009,3,True,https://os.unil.cloud.switch.ch/chelsa02/chelsa/global/monthly/pet/2009/CHELSA_pet_03_2009_V.2.1.tif
pet,2009,4,True,https://os.unil.cloud.switch.ch/chelsa02/chelsa/global/monthly/pet/2009/CHELSA_pet_04_2009_V.2.1.tif
pet,2009,5,True,https://os.unil.cloud.switch.ch/chelsa02/chelsa/global/monthly/pet/2009/CHELSA_pet_05_2009_V.2.1.tif
pet,2009,6,True,https://os.unil.cloud.switch.ch/chelsa02/chelsa/global/monthly/pet/2009/CHELSA_pet_06_2009_V.2.1.tif
pet,2009,7,True,https://os.unil.cloud.switch.ch/chelsa02/chelsa/global/monthly/pet/2009/CHELSA_pet_07_2009_V.2.1.tif
pet,2009,8,True,https://os.unil.cloud.switch.ch/chelsa02/chelsa/global/monthly/pet/2009/CHELSA_pet_08_2009_V.2.1.tif
pet,2009,9,True,https://os.unil.cloud.switch.ch/chelsa02/chelsa/global/monthly/pet/2009/CHELSA_pet_09_2009_V.2.1.tif
pet,2009,10,True,https://os.unil.cloud.switch.ch/chelsa02/chelsa/global/monthly/pet/2009/CHELSA_pet_10_2009_V.2.1.tif
pet,2009,11,True,https://os.unil.cloud.switch.ch/chelsa02/chelsa/global/monthly/pet/2009/CHELSA_pet_11_2009_V.2.1.tif
pet,2009,12,True,https://os.unil.cloud.switch.ch/chelsa02/chelsa/global/monthly/pet/2009/CHELSA_pet_12_2009_V.2.1.tif
pet,2010,1,True,https://os.unil.cloud.switch.ch/chelsa02/chelsa/global/monthly/pet/2010/CHELSA_pet_01_2010_V.2.1.tif
pet,2010,2,True,https://os.unil.cloud.switch.ch/chelsa02/chelsa/global/monthly/pet/2010/CHELSA_pet_02_2010_V.2.1.tif
pet,2010,3,True,https://os.unil.cloud.switch.ch/chelsa02/chelsa/global/monthly/pet/2010/CHELSA_pet_03_2010_V.2.1.tif
pet,2010,4,True,https://os.unil.cloud.switch.ch/chelsa02/chelsa/global/monthly/pet/2010/CHELSA_pet_04_2010_V.2.1.tif
pet,2010,5,True,https://os.unil.cloud.switch.ch/chelsa02/chelsa/global/monthly/pet/2010/CHELSA_pet_05_2010_V.2.1.tif
pet,2010,6,True,https://os.unil.cloud.switch.ch/chelsa02/chelsa/global/monthly/pet/2010/CHELSA_pet_06_2010_V.2.1.tif
pet,2010,7,True,https://os.unil.cloud.switch.ch/chelsa02/chelsa/global/monthly/pet/2010/CHELSA_pet_07_2010_V.2.1.tif
pet,2010,8,True,https://os.unil.cloud.switch.ch/chelsa02/chelsa/global/monthly/pet/2010/CHELSA_pet_08_2010_V.2.1.tif
pet,2010,9,True,https://os.unil.cloud.switch.ch/chelsa02/chelsa/global/monthly/pet/2010/CHELSA_pet_09_2010_V.2.1.tif
pet,2010,10,True,https://os.unil.cloud.switch.ch/chelsa02/chelsa/global/monthly/pet/2010/CHELSA_pet_10_2010_V.2.1.tif
pet,2010,11,True,https://os.unil.cloud.switch.ch/chelsa02/chelsa/global/monthly/pet/2010/CHELSA_pet_11_2010_V.2.1.tif
pet,2010,12,True,https://os.unil.cloud.switch.ch/chelsa02/chelsa/global/monthly/pet/2010/CHELSA_pet_12_2010_V.2.1.tif
pet,2011,1,True,https://os.unil.cloud.switch.ch/chelsa02/chelsa/global/monthly/pet/2011/CHELSA_pet_01_2011_V.2.1.tif
pet,2011,2,True,https://os.unil.cloud.switch.ch/chelsa02/chelsa/global/monthly/pet/2011/CHELSA_pet_02_2011_V.2.1.tif
pet,2011,3,True,https://os.unil.cloud.switch.ch/chelsa02/chelsa/global/monthly/pet/2011/CHELSA_pet_03_2011_V.2.1.tif
pet,2011,4,True,https://os.unil.cloud.switch.ch/chelsa02/chelsa/global/monthly/pet/2011/CHELSA_pet_04_2011_V.2.1.tif
pet,2011,5,True,https://os.unil.cloud.switch.ch/chelsa02/chelsa/global/monthly/pet/2011/CHELSA_pet_05_2011_V.2.1.tif
pet,2011,6,True,https://os.unil.cloud.switch.ch/chelsa02/chelsa/global/monthly/pet/2011/CHELSA_pet_06_2011_V.2.1.tif
pet,2011,7,True,https://os.unil.cloud.switch.ch/chelsa02/chelsa/global/monthly/pet/2011/CHELSA_pet_07_2011_V.2.1.tif
pet,2011,8,True,https://os.unil.cloud.switch.ch/chelsa02/chelsa/global/monthly/pet/2011/CHELSA_pet_08_2011_V.2.1.tif
pet,2011,9,True,https://os.unil.cloud.switch.ch/chelsa02/chelsa/global/monthly/pet/2011/CHELSA_pet_09_2011_V.2.1.tif
pet,2011,10,True,https://os.unil.cloud.switch.ch/chelsa02/chelsa/global/monthly/pet/2011/CHELSA_pet_10_2011_V.2.1.tif
pet,2011,11,True,https://os.unil.cloud.switch.ch/chelsa02/chelsa/global/monthly/pet/2011/CHELSA_pet_11_2011_V.2.1.tif
pet,2011,12,True,https://os.unil.cloud.switch.ch/chelsa02/chelsa/global/monthly/pet/2011/CHELSA_pet_12_2011_V.2.1.tif
pet,2012,1,True,https://os.unil.cloud.switch.ch/chelsa02/chelsa/global/monthly/pet/2012/CHELSA_pet_01_2012_V.2.1.tif
pet,2012,2,True,https://os.unil.cloud.switch.ch/chelsa02/chelsa/global/monthly/pet/2012/CHELSA_pet_02_2012_V.2.1.tif
pet,2012,3,True,https://os.unil.cloud.switch.ch/chelsa02/chelsa/global/monthly/pet/2012/CHELSA_pet_03_2012_V.2.1.tif
pet,2012,4,True,https://os.unil.cloud.switch.ch/chelsa02/chelsa/global/monthly/pet/2012/CHELSA_pet_04_2012_V.2.1.tif
pet,2012,5,True,https://os.unil.cloud.switch.ch/chelsa02/chelsa/global/monthly/pet/2012/CHELSA_pet_05_2012_V.2.1.tif
pet,2012,6,True,https://os.unil.cloud.switch.ch/chelsa02/chelsa/global/monthly/pet/2012/CHELSA_pet_06_2012_V.2.1.tif
pet,2012,7,True,https://os.unil.cloud.switch.ch/chelsa02/chelsa/global/monthly/pet/2012/CHELSA_pet_07_2012_V.2.1.tif
pet,2012,8,True,https://os.unil.cloud.switch.ch/chelsa02/chelsa/global/monthly/pet/2012/CHELSA_pet_08_2012_V.2.1.tif
pet,2012,9,True,https://os.unil.cloud.switch.ch/chelsa02/chelsa/global/monthly/pet/2012/CHELSA_pet_09_2012_V.2.1.tif
pet,2012,10,True,https://os.unil.cloud.switch.ch/chelsa02/chelsa/global/monthly/pet/2012/CHELSA_pet_10_2012_V.2.1.tif
pet,2012,11,True,https://os.unil.cloud.switch.ch/chelsa02/chelsa/global/monthly/pet/2012/CHELSA_pet_11_2012_V.2.1.tif
pet,2012,12,True,https://os.unil.cloud.switch.ch/chelsa02/chelsa/global/monthly/pet/2012/CHELSA_pet_12_2012_V.2.1.tif
pet,2013,1,True,https://os.unil.cloud.switch.ch/chelsa02/chelsa/global/monthly/pet/2013/CHELSA_pet_01_2013_V.2.1.tif
pet,2013,2,True,https://os.unil.cloud.switch.ch/chelsa02/chelsa/global/monthly/pet/2013/CHELSA_pet_02_2013_V.2.1.tif
pet,2013,3,True,https://os.unil.cloud.switch.ch/chelsa02/chelsa/global/monthly/pet/2013/CHELSA_pet_03_2013_V.2.1.tif
pet,2013,4,True,https://os.unil.cloud.switch.ch/chelsa02/chelsa/global/monthly/pet/2013/CHELSA_pet_04_2013_V.2.1.tif
pet,2013,5,True,https://os.unil.cloud.switch.ch/chelsa02/chelsa/global/monthly/pet/2013/CHELSA_pet_05_2013_V.2.1.tif
pet,2013,6,True,https://os.unil.cloud.switch.ch/chelsa02/chelsa/global/monthly/pet/2013/CHELSA_pet_06_2013_V.2.1.tif
pet,2013,7,True,https://os.unil.cloud.switch.ch/chelsa02/chelsa/global/monthly/pet/2013/CHELSA_pet_07_2013_V.2.1.tif
pet,2013,8,True,https://os.unil.cloud.switch.ch/chelsa02/chelsa/global/monthly/pet/2013/CHELSA_pet_08_2013_V.2.1.tif
pet,2013,9,True,https://os.unil.cloud.switch.ch/chelsa02/chelsa/global/monthly/pet/2013/CHELSA_pet_09_2013_V.2.1.tif
pet,2013,10,True,https://os.unil.cloud.switch.ch/chelsa02/chelsa/global/monthly/pet/2013/CHELSA_pet_10_2013_V.2.1.tif
pet,2013,11,True,https://os.unil.cloud.switch.ch/chelsa02/chelsa/global/monthly/pet/2013/CHELSA_pet_11_2013_V.2.1.tif
pet,2013,12,True,https://os.unil.cloud.switch.ch/chelsa02/chelsa/global/monthly/pet/2013/CHELSA_pet_12_2013_V.2.1.tif
pet,2014,1,True,https://os.unil.cloud.switch.ch/chelsa02/chelsa/global/monthly/pet/2014/CHELSA_pet_01_2014_V.2.1.tif
pet,2014,2,True,https://os.unil.cloud.switch.ch/chelsa02/chelsa/global/monthly/pet/2014/CHELSA_pet_02_2014_V.2.1.tif
pet,2014,3,True,https://os.unil.cloud.switch.ch/chelsa02/chelsa/global/monthly/pet/2014/CHELSA_pet_03_2014_V.2.1.tif
pet,2014,4,True,https://os.unil.cloud.switch.ch/chelsa02/chelsa/global/monthly/pet/2014/CHELSA_pet_04_2014_V.2.1.tif
pet,2014,5,True,https://os.unil.cloud.switch.ch/chelsa02/chelsa/global/monthly/pet/2014/CHELSA_pet_05_2014_V.2.1.tif
pet,2014,6,True,https://os.unil.cloud.switch.ch/chelsa02/chelsa/global/monthly/pet/2014/CHELSA_pet_06_2014_V.2.1.tif
pet,2014,7,True,https://os.unil.cloud.switch.ch/chelsa02/chelsa/global/monthly/pet/2014/CHELSA_pet_07_2014_V.2.1.tif
pet,2014,8,True,https://os.unil.cloud.switch.ch/chelsa02/chelsa/global/monthly/pet/2014/CHELSA_pet_08_2014_V.2.1.tif
pet,2014,9,True,https://os.unil.cloud.switch.ch/chelsa02/chelsa/global/monthly/pet/2014/CHELSA_pet_09_2014_V.2.1.tif
pet,2014,10,True,https://os.unil.cloud.switch.ch/chelsa02/chelsa/global/monthly/pet/2014/CHELSA_pet_10_2014_V.2.1.tif
pet,2014,11,True,https://os.unil.cloud.switch.ch/chelsa02/chelsa/global/monthly/pet/2014/CHELSA_pet_11_2014_V.2.1.tif
pet,2014,12,True,https://os.unil.cloud.switch.ch/chelsa02/chelsa/global/monthly/pet/2014/CHELSA_pet_12_2014_V.2.1.tif
pet,2015,1,True,https://os.unil.cloud.switch.ch/chelsa02/chelsa/global/monthly/pet/2015/CHELSA_pet_01_2015_V.2.1.tif
pet,2015,2,True,https://os.unil.cloud.switch.ch/chelsa02/chelsa/global/monthly/pet/2015/CHELSA_pet_02_2015_V.2.1.tif
pet,2015,3,True,https://os.unil.cloud.switch.ch/chelsa02/chelsa/global/monthly/pet/2015/CHELSA_pet_03_2015_V.2.1.tif
pet,2015,4,True,https://os.unil.cloud.switch.ch/chelsa02/chelsa/global/monthly/pet/2015/CHELSA_pet_04_2015_V.2.1.tif
pet,2015,5,True,https://os.unil.cloud.switch.ch/chelsa02/chelsa/global/monthly/pet/2015/CHELSA_pet_05_2015_V.2.1.tif
pet,2015,6,True,https://os.unil.cloud.switch.ch/chelsa02/chelsa/global/monthly/pet/2015/CHELSA_pet_06_2015_V.2.1.tif
pet,2015,7,True,https://os.unil.cloud.switch.ch/chelsa02/chelsa/global/monthly/pet/2015/CHELSA_pet_07_2015_V.2.1.tif
pet,2015,8,True,https://os.unil.cloud.switch.ch/chelsa02/chelsa/global/monthly/pet/2015/CHELSA_pet_08_2015_V.2.1.tif
pet,2015,9,True,https://os.unil.cloud.switch.ch/chelsa02/chelsa/global/monthly/pet/2015/CHELSA_pet_09_2015_V.2.1.tif
pet,2015,10,True,https://os.unil.cloud.switch.ch/chelsa02/chelsa/global/monthly/pet/2015/CHELSA_pet_10_2015_V.2.1.tif
pet,2015,11,True,https://os.unil.cloud.switch.ch/chelsa02/chelsa/global/monthly/pet/2015/CHELSA_pet_11_2015_V.2.1.tif
pet,2015,12,True,https://os.unil.cloud.switch.ch/chelsa02/chelsa/global/monthly/pet/2015/CHELSA_pet_12_2015_V.2.1.tif
pet,2016,1,True,https://os.unil.cloud.switch.ch/chelsa02/chelsa/global/monthly/pet/2016/CHELSA_pet_01_2016_V.2.1.tif
pet,2016,2,True,https://os.unil.cloud.switch.ch/chelsa02/chelsa/global/monthly/pet/2016/CHELSA_pet_02_2016_V.2.1.tif
pet,2016,3,True,https://os.unil.cloud.switch.ch/chelsa02/chelsa/global/monthly/pet/2016/CHELSA_pet_03_2016_V.2.1.tif
pet,2016,4,True,https://os.unil.cloud.switch.ch/chelsa02/chelsa/global/monthly/pet/2016/CHELSA_pet_04_2016_V.2.1.tif
pet,2016,5,True,https://os.unil.cloud.switch.ch/chelsa02/chelsa/global/monthly/pet/2016/CHELSA_pet_05_2016_V.2.1.tif
pet,2016,6,True,https://os.unil.cloud.switch.ch/chelsa02/chelsa/global/monthly/pet/2016/CHELSA_pet_06_2016_V.2.1.tif
pet,2016,7,True,https://os.unil.cloud.switch.ch/chelsa02/chelsa/global/monthly/pet/2016/CHELSA_pet_07_2016_V.2.1.tif
pet,2016,8,True,https://os.unil.cloud.switch.ch/chelsa02/chelsa/global/monthly/pet/2016/CHELSA_pet_08_2016_V.2.1.tif
pet,2016,9,True,https://os.unil.cloud.switch.ch/chelsa02/chelsa/global/monthly/pet/2016/CHELSA_pet_09_2016_V.2.1.tif
pet,2016,10,True,https://os.unil.cloud.switch.ch/chelsa02/chelsa/global/monthly/pet/2016/CHELSA_pet_10_2016_V.2.1.tif
pet,2016,11,True,https://os.unil.cloud.switch.ch/chelsa02/chelsa/global/monthly/pet/2016/CHELSA_pet_11_2016_V.2.1.tif
pet,2016,12,True,https://os.unil.cloud.switch.ch/chelsa02/chelsa/global/monthly/pet/2016/CHELSA_pet_12_2016_V.2.1.tif
pet,2017,1,True,https://os.unil.cloud.switch.ch/chelsa02/chelsa/global/monthly/pet/2017/CHELSA_pet_01_2017_V.2.1.tif
pet,2017,2,True,https://os.unil.cloud.switch.ch/chelsa02/chelsa/global/monthly/pet/2017/CHELSA_pet_02_2017_V.2.1.tif
pet,2017,3,True,https://os.unil.cloud.switch.ch/chelsa02/chelsa/global/monthly/pet/2017/CHELSA_pet_03_2017_V.2.1.tif
pet,2017,4,True,https://os.unil.cloud.switch.ch/chelsa02/chelsa/global/monthly/pet/2017/CHELSA_pet_04_2017_V.2.1.tif
pet,2017,5,True,https://os.unil.cloud.switch.ch/chelsa02/chelsa/global/monthly/pet/2017/CHELSA_pet_05_2017_V.2.1.tif
pet,2017,6,True,https://os.unil.cloud.switch.ch/chelsa02/chelsa/global/monthly/pet/2017/CHELSA_pet_06_2017_V.2.1.tif
pet,2017,7,True,https://os.unil.cloud.switch.ch/chelsa02/chelsa/global/monthly/pet/2017/CHELSA_pet_07_2017_V.2.1.tif
pet,2017,8,True,https://os.unil.cloud.switch.ch/chelsa02/chelsa/global/monthly/pet/2017/CHELSA_pet_08_2017_V.2.1.tif
pet,2017,9,True,https://os.unil.cloud.switch.ch/chelsa02/chelsa/global/monthly/pet/2017/CHELSA_pet_09_2017_V.2.1.tif
pet,2017,10,True,https://os.unil.cloud.switch.ch/chelsa02/chelsa/global/monthly/pet/2017/CHELSA_pet_10_2017_V.2.1.tif
pet,2017,11,True,https://os.unil.cloud.switch.ch/chelsa02/chelsa/global/monthly/pet/2017/CHELSA_pet_11_2017_V.2.1.tif
pet,2017,12,True,https://os.unil.cloud.switch.ch/chelsa02/chelsa/global/monthly/pet/2017/CHELSA_pet_12_2017_V.2.1.tif
pet,2018,1,True,https://os.unil.cloud.switch.ch/chelsa02/chelsa/global/monthly/pet/2018/CHELSA_pet_01_2018_V.2.1.tif
pet,2018,2,True,https://os.unil.cloud.switch.ch/chelsa02/chelsa/global/monthly/pet/2018/CHELSA_pet_02_2018_V.2.1.tif
pet,2018,3,True,https://os.unil.cloud.switch.ch/chelsa02/chelsa/global/monthly/pet/2018/CHELSA_pet_03_2018_V.2.1.tif
pet,2018,4,True,https://os.unil.cloud.switch.ch/chelsa02/chelsa/global/monthly/pet/2018/CHELSA_pet_04_2018_V.2.1.tif
pet,2018,5,True,https://os.unil.cloud.switch.ch/chelsa02/chelsa/global/monthly/pet/2018/CHELSA_pet_05_2018_V.2.1.tif
pet,2018,6,True,https://os.unil.cloud.switch.ch/chelsa02/chelsa/global/monthly/pet/2018/CHELSA_pet_06_2018_V.2.1.tif
pet,2018,7,True,https://os.unil.cloud.switch.ch/chelsa02/chelsa/global/monthly/pet/2018/CHELSA_pet_07_2018_V.2.1.tif
pet,2018,8,True,https://os.unil.cloud.switch.ch/chelsa02/chelsa/global/monthly/pet/2018/CHELSA_pet_08_2018_V.2.1.tif
pet,2018,9,True,https://os.unil.cloud.switch.ch/chelsa02/chelsa/global/monthly/pet/2018/CHELSA_pet_09_2018_V.2.1.tif
pet,2018,10,True,https://os.unil.cloud.switch.ch/chelsa02/chelsa/global/monthly/pet/2018/CHELSA_pet_10_2018_V.2.1.tif
pet,2018,11,True,https://os.unil.cloud.switch.ch/chelsa02/chelsa/global/monthly/pet/2018/CHELSA_pet_11_2018_V.2.1.tif
pet,2018,12,True,https://os.unil.cloud.switch.ch/chelsa02/chelsa/global/monthly/pet/2018/CHELSA_pet_12_2018_V.2.1.tif
pet,2019,1,True,https://os.unil.cloud.switch.ch/chelsa02/chelsa/global/monthly/pet/2019/CHELSA_pet_01_2019_V.2.1.tif
pet,2019,2,True,https://os.unil.cloud.switch.ch/chelsa02/chelsa/global/monthly/pet/2019/CHELSA_pet_02_2019_V.2.1.tif
pet,2019,3,True,https://os.unil.cloud.switch.ch/chelsa02/chelsa/global/monthly/pet/2019/CHELSA_pet_03_2019_V.2.1.tif
pet,2019,4,True,https://os.unil.cloud.switch.ch/chelsa02/chelsa/global/monthly/pet/2019/CHELSA_pet_04_2019_V.2.1.tif
pet,2019,5,False,https://os.unil.cloud.switch.ch/chelsa02/chelsa/global/monthly/pet/2019/CHELSA_pet_05_2019_V.2.1.tif
pet,2019,6,False,https://os.unil.cloud.switch.ch/chelsa02/chelsa/global/monthly/pet/2019/CHELSA_pet_06_2019_V.2.1.tif
pet,2019,7,False,https://os.unil.cloud.switch.ch/chelsa02/chelsa/global/monthly/pet/2019/CHELSA_pet_07_2019_V.2.1.tif
pet,2019,8,False,https://os.unil.cloud.switch.ch/chelsa02/chelsa/global/monthly/pet/2019/CHELSA_pet_08_2019_V.2.1.tif
pet,2019,9,False,https://os.unil.cloud.switch.ch/chelsa02/chelsa/global/monthly/pet/2019/CHELSA_pet_09_2019_V.2.1.tif
pet,2019,10,False,https://os.unil.cloud.switch.ch/chelsa02/chelsa/global/monthly/pet/2019/CHELSA_pet_10_2019_V.2.1.tif
pet,2019,11,False,https://os.unil.cloud.switch.ch/chelsa02/chelsa/global/monthly/pet/2019/CHELSA_pet_11_2019_V.2.1.tif
pet,2019,12,False,https://os.unil.cloud.switch.ch/chelsa02/chelsa/global/monthly/pet/2019/CHELSA_pet_12_2019_V.2.1.tif
pet,2020,1,False,https://os.unil.cloud.switch.ch/chelsa02/chelsa/global/monthly/pet/2020/CHELSA_pet_01_2020_V.2.1.tif
pet,2020,2,False,https://os.unil.cloud.switch.ch/chelsa02/chelsa/global/monthly/pet/2020/CHELSA_pet_02_2020_V.2.1.tif
pet,2020,3,False,https://os.unil.cloud.switch.ch/chelsa02/chelsa/global/monthly/pet/2020/CHELSA_pet_03_2020_V.2.1.tif
pet,2020,4,False,https://os.unil.cloud.switch.ch/chelsa02/chelsa/global/monthly/pet/2020/CHELSA_pet_04_2020_V.2.1.tif
pet,2020,5,False,https://os.unil.cloud.switch.ch/chelsa02/chelsa/global/monthly/pet/2020/CHELSA_pet_05_2020_V.2.1.tif
pet,2020,6,False,https://os.unil.cloud.switch.ch/chelsa02/chelsa/global/monthly/pet/2020/CHELSA_pet_06_2020_V.2.1.tif
pet,2020,7,False,https://os.unil.cloud.switch.ch/chelsa02/chelsa/global/monthly/pet/2020/CHELSA_pet_07_2020_V.2.1.tif
pet,2020,8,False,https://os.unil.cloud.switch.ch/chelsa02/chelsa/global/monthly/pet/2020/CHELSA_pet_08_2020_V.2.1.tif
pet,2020,9,False,https://os.unil.cloud.switch.ch/chelsa02/chelsa/global/monthly/pet/2020/CHELSA_pet_09_2020_V.2.1.tif
pet,2020,10,False,https://os.unil.cloud.switch.ch/chelsa02/chelsa/global/monthly/pet/2020/CHELSA_pet_10_2020_V.2.1.tif
pet,2020,11,False,https://os.unil.cloud.switch.ch/chelsa02/chelsa/global/monthly/pet/2020/CHELSA_pet_11_2020_V.2.1.tif
pet,2020,12,False,https://os.unil.cloud.switch.ch/chelsa02/chelsa/global/monthly/pet/2020/CHELSA_pet_12_2020_V.2.1.tif
pr,1991,1,True,https://os.unil.cloud.switch.ch/chelsa02/chelsa/global/monthly/pr/1991/CHELSA_pr_01_1991_V.2.1.tif
pr,1991,2,True,https://os.unil.cloud.switch.ch/chelsa02/chelsa/global/monthly/pr/1991/CHELSA_pr_02_1991_V.2.1.tif
pr,1991,3,True,https://os.unil.cloud.switch.ch/chelsa02/chelsa/global/monthly/pr/1991/CHELSA_pr_03_1991_V.2.1.tif
pr,1991,4,True,https://os.unil.cloud.switch.ch/chelsa02/chelsa/global/monthly/pr/1991/CHELSA_pr_04_1991_V.2.1.tif
pr,1991,5,True,https://os.unil.cloud.switch.ch/chelsa02/chelsa/global/monthly/pr/1991/CHELSA_pr_05_1991_V.2.1.tif
pr,1991,6,True,https://os.unil.cloud.switch.ch/chelsa02/chelsa/global/monthly/pr/1991/CHELSA_pr_06_1991_V.2.1.tif
pr,1991,7,True,https://os.unil.cloud.switch.ch/chelsa02/chelsa/global/monthly/pr/1991/CHELSA_pr_07_1991_V.2.1.tif
pr,1991,8,True,https://os.unil.cloud.switch.ch/chelsa02/chelsa/global/monthly/pr/1991/CHELSA_pr_08_1991_V.2.1.tif
pr,1991,9,True,https://os.unil.cloud.switch.ch/chelsa02/chelsa/global/monthly/pr/1991/CHELSA_pr_09_1991_V.2.1.tif
pr,1991,10,True,https://os.unil.cloud.switch.ch/chelsa02/chelsa/global/monthly/pr/1991/CHELSA_pr_10_1991_V.2.1.tif
pr,1991,11,True,https://os.unil.cloud.switch.ch/chelsa02/chelsa/global/monthly/pr/1991/CHELSA_pr_11_1991_V.2.1.tif
pr,1991,12,True,https://os.unil.cloud.switch.ch/chelsa02/chelsa/global/monthly/pr/1991/CHELSA_pr_12_1991_V.2.1.tif
pr,1992,1,True,https://os.unil.cloud.switch.ch/chelsa02/chelsa/global/monthly/pr/1992/CHELSA_pr_01_1992_V.2.1.tif
pr,1992,2,True,https://os.unil.cloud.switch.ch/chelsa02/chelsa/global/monthly/pr/1992/CHELSA_pr_02_1992_V.2.1.tif
pr,1992,3,True,https://os.unil.cloud.switch.ch/chelsa02/chelsa/global/monthly/pr/1992/CHELSA_pr_03_1992_V.2.1.tif
pr,1992,4,True,https://os.unil.cloud.switch.ch/chelsa02/chelsa/global/monthly/pr/1992/CHELSA_pr_04_1992_V.2.1.tif
pr,1992,5,True,https://os.unil.cloud.switch.ch/chelsa02/chelsa/global/monthly/pr/1992/CHELSA_pr_05_1992_V.2.1.tif
pr,1992,6,True,https://os.unil.cloud.switch.ch/chelsa02/chelsa/global/monthly/pr/1992/CHELSA_pr_06_1992_V.2.1.tif
pr,1992,7,True,https://os.unil.cloud.switch.ch/chelsa02/chelsa/global/monthly/pr/1992/CHELSA_pr_07_1992_V.2.1.tif
pr,1992,8,True,https://os.unil.cloud.switch.ch/chelsa02/chelsa/global/monthly/pr/1992/CHELSA_pr_08_1992_V.2.1.tif
pr,1992,9,True,https://os.unil.cloud.switch.ch/chelsa02/chelsa/global/monthly/pr/1992/CHELSA_pr_09_1992_V.2.1.tif
pr,1992,10,True,https://os.unil.cloud.switch.ch/chelsa02/chelsa/global/monthly/pr/1992/CHELSA_pr_10_1992_V.2.1.tif
pr,1992,11,True,https://os.unil.cloud.switch.ch/chelsa02/chelsa/global/monthly/pr/1992/CHELSA_pr_11_1992_V.2.1.tif
pr,1992,12,True,https://os.unil.cloud.switch.ch/chelsa02/chelsa/global/monthly/pr/1992/CHELSA_pr_12_1992_V.2.1.tif
pr,1993,1,True,https://os.unil.cloud.switch.ch/chelsa02/chelsa/global/monthly/pr/1993/CHELSA_pr_01_1993_V.2.1.tif
pr,1993,2,True,https://os.unil.cloud.switch.ch/chelsa02/chelsa/global/monthly/pr/1993/CHELSA_pr_02_1993_V.2.1.tif
pr,1993,3,True,https://os.unil.cloud.switch.ch/chelsa02/chelsa/global/monthly/pr/1993/CHELSA_pr_03_1993_V.2.1.tif
pr,1993,4,True,https://os.unil.cloud.switch.ch/chelsa02/chelsa/global/monthly/pr/1993/CHELSA_pr_04_1993_V.2.1.tif
pr,1993,5,True,https://os.unil.cloud.switch.ch/chelsa02/chelsa/global/monthly/pr/1993/CHELSA_pr_05_1993_V.2.1.tif
pr,1993,6,True,https://os.unil.cloud.switch.ch/chelsa02/chelsa/global/monthly/pr/1993/CHELSA_pr_06_1993_V.2.1.tif
pr,1993,7,True,https://os.unil.cloud.switch.ch/chelsa02/chelsa/global/monthly/pr/1993/CHELSA_pr_07_1993_V.2.1.tif
pr,1993,8,True,https://os.unil.cloud.switch.ch/chelsa02/chelsa/global/monthly/pr/1993/CHELSA_pr_08_1993_V.2.1.tif
pr,1993,9,True,https://os.unil.cloud.switch.ch/chelsa02/chelsa/global/monthly/pr/1993/CHELSA_pr_09_1993_V.2.1.tif
pr,1993,10,True,https://os.unil.cloud.switch.ch/chelsa02/chelsa/global/monthly/pr/1993/CHELSA_pr_10_1993_V.2.1.tif
pr,1993,11,True,https://os.unil.cloud.switch.ch/chelsa02/chelsa/global/monthly/pr/1993/CHELSA_pr_11_1993_V.2.1.tif
pr,1993,12,True,https://os.unil.cloud.switch.ch/chelsa02/chelsa/global/monthly/pr/1993/CHELSA_pr_12_1993_V.2.1.tif
pr,1994,1,True,https://os.unil.cloud.switch.ch/chelsa02/chelsa/global/monthly/pr/1994/CHELSA_pr_01_1994_V.2.1.tif
pr,1994,2,True,https://os.unil.cloud.switch.ch/chelsa02/chelsa/global/monthly/pr/1994/CHELSA_pr_02_1994_V.2.1.tif
pr,1994,3,True,https://os.unil.cloud.switch.ch/chelsa02/chelsa/global/monthly/pr/1994/CHELSA_pr_03_1994_V.2.1.tif
pr,1994,4,True,https://os.unil.cloud.switch.ch/chelsa02/chelsa/global/monthly/pr/1994/CHELSA_pr_04_1994_V.2.1.tif
pr,1994,5,True,https://os.unil.cloud.switch.ch/chelsa02/chelsa/global/monthly/pr/1994/CHELSA_pr_05_1994_V.2.1.tif
pr,1994,6,True,https://os.unil.cloud.switch.ch/chelsa02/chelsa/global/monthly/pr/1994/CHELSA_pr_06_1994_V.2.1.tif
pr,1994,7,True,https://os.unil.cloud.switch.ch/chelsa02/chelsa/global/monthly/pr/1994/CHELSA_pr_07_1994_V.2.1.tif
pr,1994,8,True,https://os.unil.cloud.switch.ch/chelsa02/chelsa/global/monthly/pr/1994/CHELSA_pr_08_1994_V.2.1.tif
pr,1994,9,True,https://os.unil.cloud.switch.ch/chelsa02/chelsa/global/monthly/pr/1994/CHELSA_pr_09_1994_V.2.1.tif
pr,1994,10,True,https://os.unil.cloud.switch.ch/chelsa02/chelsa/global/monthly/pr/1994/CHELSA_pr_10_1994_V.2.1.tif
pr,1994,11,True,https://os.unil.cloud.switch.ch/chelsa02/chelsa/global/monthly/pr/1994/CHELSA_pr_11_1994_V.2.1.tif
pr,1994,12,True,https://os.unil.cloud.switch.ch/chelsa02/chelsa/global/monthly/pr/1994/CHELSA_pr_12_1994_V.2.1.tif
pr,1995,1,True,https://os.unil.cloud.switch.ch/chelsa02/chelsa/global/monthly/pr/1995/CHELSA_pr_01_1995_V.2.1.tif
pr,1995,2,True,https://os.unil.cloud.switch.ch/chelsa02/chelsa/global/monthly/pr/1995/CHELSA_pr_02_1995_V.2.1.tif
pr,1995,3,True,https://os.unil.cloud.switch.ch/chelsa02/chelsa/global/monthly/pr/1995/CHELSA_pr_03_1995_V.2.1.tif
pr,1995,4,True,https://os.unil.cloud.switch.ch/chelsa02/chelsa/global/monthly/pr/1995/CHELSA_pr_04_1995_V.2.1.tif
pr,1995,5,True,https://os.unil.cloud.switch.ch/chelsa02/chelsa/global/monthly/pr/1995/CHELSA_pr_05_1995_V.2.1.tif
pr,1995,6,True,https://os.unil.cloud.switch.ch/chelsa02/chelsa/global/monthly/pr/1995/CHELSA_pr_06_1995_V.2.1.tif
pr,1995,7,True,https://os.unil.cloud.switch.ch/chelsa02/chelsa/global/monthly/pr/1995/CHELSA_pr_07_1995_V.2.1.tif
pr,1995,8,True,https://os.unil.cloud.switch.ch/chelsa02/chelsa/global/monthly/pr/1995/CHELSA_pr_08_1995_V.2.1.tif
pr,1995,9,True,https://os.unil.cloud.switch.ch/chelsa02/chelsa/global/monthly/pr/1995/CHELSA_pr_09_1995_V.2.1.tif
pr,1995,10,True,https://os.unil.cloud.switch.ch/chelsa02/chelsa/global/monthly/pr/1995/CHELSA_pr_10_1995_V.2.1.tif
pr,1995,11,True,https://os.unil.cloud.switch.ch/chelsa02/chelsa/global/monthly/pr/1995/CHELSA_pr_11_1995_V.2.1.tif
pr,1995,12,True,https://os.unil.cloud.switch.ch/chelsa02/chelsa/global/monthly/pr/1995/CHELSA_pr_12_1995_V.2.1.tif
pr,1996,1,True,https://os.unil.cloud.switch.ch/chelsa02/chelsa/global/monthly/pr/1996/CHELSA_pr_01_1996_V.2.1.tif
pr,1996,2,True,https://os.unil.cloud.switch.ch/chelsa02/chelsa/global/monthly/pr/1996/CHELSA_pr_02_1996_V.2.1.tif
pr,1996,3,True,https://os.unil.cloud.switch.ch/chelsa02/chelsa/global/monthly/pr/1996/CHELSA_pr_03_1996_V.2.1.tif
pr,1996,4,True,https://os.unil.cloud.switch.ch/chelsa02/chelsa/global/monthly/pr/1996/CHELSA_pr_04_1996_V.2.1.tif
pr,1996,5,True,https://os.unil.cloud.switch.ch/chelsa02/chelsa/global/monthly/pr/1996/CHELSA_pr_05_1996_V.2.1.tif
pr,1996,6,True,https://os.unil.cloud.switch.ch/chelsa02/chelsa/global/monthly/pr/1996/CHELSA_pr_06_1996_V.2.1.tif
pr,1996,7,True,https://os.unil.cloud.switch.ch/chelsa02/chelsa/global/monthly/pr/1996/CHELSA_pr_07_1996_V.2.1.tif
pr,1996,8,True,https://os.unil.cloud.switch.ch/chelsa02/chelsa/global/monthly/pr/1996/CHELSA_pr_08_1996_V.2.1.tif
pr,1996,9,True,https://os.unil.cloud.switch.ch/chelsa02/chelsa/global/monthly/pr/1996/CHELSA_pr_09_1996_V.2.1.tif
pr,1996,10,True,https://os.unil.cloud.switch.ch/chelsa02/chelsa/global/monthly/pr/1996/CHELSA_pr_10_1996_V.2.1.tif
pr,1996,11,True,https://os.unil.cloud.switch.ch/chelsa02/chelsa/global/monthly/pr/1996/CHELSA_pr_11_1996_V.2.1.tif
pr,1996,12,True,https://os.unil.cloud.switch.ch/chelsa02/chelsa/global/monthly/pr/1996/CHELSA_pr_12_1996_V.2.1.tif
pr,1997,1,True,https://os.unil.cloud.switch.ch/chelsa02/chelsa/global/monthly/pr/1997/CHELSA_pr_01_1997_V.2.1.tif
pr,1997,2,True,https://os.unil.cloud.switch.ch/chelsa02/chelsa/global/monthly/pr/1997/CHELSA_pr_02_1997_V.2.1.tif
pr,1997,3,True,https://os.unil.cloud.switch.ch/chelsa02/chelsa/global/monthly/pr/1997/CHELSA_pr_03_1997_V.2.1.tif
pr,1997,4,True,https://os.unil.cloud.switch.ch/chelsa02/chelsa/global/monthly/pr/1997/CHELSA_pr_04_1997_V.2.1.tif
pr,1997,5,True,https://os.unil.cloud.switch.ch/chelsa02/chelsa/global/monthly/pr/1997/CHELSA_pr_05_1997_V.2.1.tif
pr,1997,6,True,https://os.unil.cloud.switch.ch/chelsa02/chelsa/global/monthly/pr/1997/CHELSA_pr_06_1997_V.2.1.tif
pr,1997,7,True,https://os.unil.cloud.switch.ch/chelsa02/chelsa/global/monthly/pr/1997/CHELSA_pr_07_1997_V.2.1.tif
pr,1997,8,True,https://os.unil.cloud.switch.ch/chelsa02/chelsa/global/monthly/pr/1997/CHELSA_pr_08_1997_V.2.1.tif
pr,1997,9,True,https://os.unil.cloud.switch.ch/chelsa02/chelsa/global/monthly/pr/1997/CHELSA_pr_09_1997_V.2.1.tif
pr,1997,10,True,https://os.unil.cloud.switch.ch/chelsa02/chelsa/global/monthly/pr/1997/CHELSA_pr_10_1997_V.2.1.tif
pr,1997,11,True,https://os.unil.cloud.switch.ch/chelsa02/chelsa/global/monthly/pr/1997/CHELSA_pr_11_1997_V.2.1.tif
pr,1997,12,True,https://os.unil.cloud.switch.ch/chelsa02/chelsa/global/monthly/pr/1997/CHELSA_pr_12_1997_V.2.1.tif
pr,1998,1,True,https://os.unil.cloud.switch.ch/chelsa02/chelsa/global/monthly/pr/1998/CHELSA_pr_01_1998_V.2.1.tif
pr,1998,2,True,https://os.unil.cloud.switch.ch/chelsa02/chelsa/global/monthly/pr/1998/CHELSA_pr_02_1998_V.2.1.tif
pr,1998,3,True,https://os.unil.cloud.switch.ch/chelsa02/chelsa/global/monthly/pr/1998/CHELSA_pr_03_1998_V.2.1.tif
pr,1998,4,True,https://os.unil.cloud.switch.ch/chelsa02/chelsa/global/monthly/pr/1998/CHELSA_pr_04_1998_V.2.1.tif
pr,1998,5,True,https://os.unil.cloud.switch.ch/chelsa02/chelsa/global/monthly/pr/1998/CHELSA_pr_05_1998_V.2.1.tif
pr,1998,6,True,https://os.unil.cloud.switch.ch/chelsa02/chelsa/global/monthly/pr/1998/CHELSA_pr_06_1998_V.2.1.tif
pr,1998,7,True,https://os.unil.cloud.switch.ch/chelsa02/chelsa/global/monthly/pr/1998/CHELSA_pr_07_1998_V.2.1.tif
pr,1998,8,True,https://os.unil.cloud.switch.ch/chelsa02/chelsa/global/monthly/pr/1998/CHELSA_pr_08_1998_V.2.1.tif
pr,1998,9,True,https://os.unil.cloud.switch.ch/chelsa02/chelsa/global/monthly/pr/1998/CHELSA_pr_09_1998_V.2.1.tif
pr,1998,10,True,https://os.unil.cloud.switch.ch/chelsa02/chelsa/global/monthly/pr/1998/CHELSA_pr_10_1998_V.2.1.tif
pr,1998,11,True,https://os.unil.cloud.switch.ch/chelsa02/chelsa/global/monthly/pr/1998/CHELSA_pr_11_1998_V.2.1.tif
pr,1998,12,True,https://os.unil.cloud.switch.ch/chelsa02/chelsa/global/monthly/pr/1998/CHELSA_pr_12_1998_V.2.1.tif
pr,1999,1,True,https://os.unil.cloud.switch.ch/chelsa02/chelsa/global/monthly/pr/1999/CHELSA_pr_01_1999_V.2.1.tif
pr,1999,2,True,https://os.unil.cloud.switch.ch/chelsa02/chelsa/global/monthly/pr/1999/CHELSA_pr_02_1999_V.2.1.tif
pr,1999,3,True,https://os.unil.cloud.switch.ch/chelsa02/chelsa/global/monthly/pr/1999/CHELSA_pr_03_1999_V.2.1.tif
pr,1999,4,True,https://os.unil.cloud.switch.ch/chelsa02/chelsa/global/monthly/pr/1999/CHELSA_pr_04_1999_V.2.1.tif
pr,1999,5,True,https://os.unil.cloud.switch.ch/chelsa02/chelsa/global/monthly/pr/1999/CHELSA_pr_05_1999_V.2.1.tif
pr,1999,6,True,https://os.unil.cloud.switch.ch/chelsa02/chelsa/global/monthly/pr/1999/CHELSA_pr_06_1999_V.2.1.tif
pr,1999,7,True,https://os.unil.cloud.switch.ch/chelsa02/chelsa/global/monthly/pr/1999/CHELSA_pr_07_1999_V.2.1.tif
pr,1999,8,True,https://os.unil.cloud.switch.ch/chelsa02/chelsa/global/monthly/pr/1999/CHELSA_pr_08_1999_V.2.1.tif
pr,1999,9,True,https://os.unil.cloud.switch.ch/chelsa02/chelsa/global/monthly/pr/1999/CHELSA_pr_09_1999_V.2.1.tif
pr,1999,10,True,https://os.unil.cloud.switch.ch/chelsa02/chelsa/global/monthly/pr/1999/CHELSA_pr_10_1999_V.2.1.tif
pr,1999,11,True,https://os.unil.cloud.switch.ch/chelsa02/chelsa/global/monthly/pr/1999/CHELSA_pr_11_1999_V.2.1.tif
pr,1999,12,True,https://os.unil.cloud.switch.ch/chelsa02/chelsa/global/monthly/pr/1999/CHELSA_pr_12_1999_V.2.1.tif
pr,2000,1,True,https://os.unil.cloud.switch.ch/chelsa02/chelsa/global/monthly/pr/2000/CHELSA_pr_01_2000_V.2.1.tif
pr,2000,2,True,https://os.unil.cloud.switch.ch/chelsa02/chelsa/global/monthly/pr/2000/CHELSA_pr_02_2000_V.2.1.tif
pr,2000,3,True,https://os.unil.cloud.switch.ch/chelsa02/chelsa/global/monthly/pr/2000/CHELSA_pr_03_2000_V.2.1.tif
pr,2000,4,True,https://os.unil.cloud.switch.ch/chelsa02/chelsa/global/monthly/pr/2000/CHELSA_pr_04_2000_V.2.1.tif
pr,2000,5,True,https://os.unil.cloud.switch.ch/chelsa02/chelsa/global/monthly/pr/2000/CHELSA_pr_05_2000_V.2.1.tif
pr,2000,6,True,https://os.unil.cloud.switch.ch/chelsa02/chelsa/global/monthly/pr/2000/CHELSA_pr_06_2000_V.2.1.tif
pr,2000,7,True,https://os.unil.cloud.switch.ch/chelsa02/chelsa/global/monthly/pr/2000/CHELSA_pr_07_2000_V.2.1.tif
pr,2000,8,True,https://os.unil.cloud.switch.ch/chelsa02/chelsa/global/monthly/pr/2000/CHELSA_pr_08_2000_V.2.1.tif
pr,2000,9,True,https://os.unil.cloud.switch.ch/chelsa02/chelsa/global/monthly/pr/2000/CHELSA_pr_09_2000_V.2.1.tif
pr,2000,10,True,https://os.unil.cloud.switch.ch/chelsa02/chelsa/global/monthly/pr/2000/CHELSA_pr_10_2000_V.2.1.tif
pr,2000,11,True,https://os.unil.cloud.switch.ch/chelsa02/chelsa/global/monthly/pr/2000/CHELSA_pr_11_2000_V.2.1.tif
pr,2000,12,True,https://os.unil.cloud.switch.ch/chelsa02/chelsa/global/monthly/pr/2000/CHELSA_pr_12_2000_V.2.1.tif
pr,2001,1,True,https://os.unil.cloud.switch.ch/chelsa02/chelsa/global/monthly/pr/2001/CHELSA_pr_01_2001_V.2.1.tif
pr,2001,2,True,https://os.unil.cloud.switch.ch/chelsa02/chelsa/global/monthly/pr/2001/CHELSA_pr_02_2001_V.2.1.tif
pr,2001,3,True,https://os.unil.cloud.switch.ch/chelsa02/chelsa/global/monthly/pr/2001/CHELSA_pr_03_2001_V.2.1.tif
pr,2001,4,True,https://os.unil.cloud.switch.ch/chelsa02/chelsa/global/monthly/pr/2001/CHELSA_pr_04_2001_V.2.1.tif
pr,2001,5,True,https://os.unil.cloud.switch.ch/chelsa02/chelsa/global/monthly/pr/2001/CHELSA_pr_05_2001_V.2.1.tif
pr,2001,6,True,https://os.unil.cloud.switch.ch/chelsa02/chelsa/global/monthly/pr/2001/CHELSA_pr_06_2001_V.2.1.tif
pr,2001,7,True,https://os.unil.cloud.switch.ch/chelsa02/chelsa/global/monthly/pr/2001/CHELSA_pr_07_2001_V.2.1.tif
pr,2001,8,True,https://os.unil.cloud.switch.ch/chelsa02/chelsa/global/monthly/pr/2001/CHELSA_pr_08_2001_V.2.1.tif
pr,2001,9,True,https://os.unil.cloud.switch.ch/chelsa02/chelsa/global/monthly/pr/2001/CHELSA_pr_09_2001_V.2.1.tif
pr,2001,10,True,https://os.unil.cloud.switch.ch/chelsa02/chelsa/global/monthly/pr/2001/CHELSA_pr_10_2001_V.2.1.tif
pr,2001,11,True,https://os.unil.cloud.switch.ch/chelsa02/chelsa/global/monthly/pr/2001/CHELSA_pr_11_2001_V.2.1.tif
pr,2001,12,True,https://os.unil.cloud.switch.ch/chelsa02/chelsa/global/monthly/pr/2001/CHELSA_pr_12_2001_V.2.1.tif
pr,2002,1,True,https://os.unil.cloud.switch.ch/chelsa02/chelsa/global/monthly/pr/2002/CHELSA_pr_01_2002_V.2.1.tif
pr,2002,2,True,https://os.unil.cloud.switch.ch/chelsa02/chelsa/global/monthly/pr/2002/CHELSA_pr_02_2002_V.2.1.tif
pr,2002,3,True,https://os.unil.cloud.switch.ch/chelsa02/chelsa/global/monthly/pr/2002/CHELSA_pr_03_2002_V.2.1.tif
pr,2002,4,True,https://os.unil.cloud.switch.ch/chelsa02/chelsa/global/monthly/pr/2002/CHELSA_pr_04_2002_V.2.1.tif
pr,2002,5,True,https://os.unil.cloud.switch.ch/chelsa02/chelsa/global/monthly/pr/2002/CHELSA_pr_05_2002_V.2.1.tif
pr,2002,6,True,https://os.unil.cloud.switch.ch/chelsa02/chelsa/global/monthly/pr/2002/CHELSA_pr_06_2002_V.2.1.tif
pr,2002,7,True,https://os.unil.cloud.switch.ch/chelsa02/chelsa/global/monthly/pr/2002/CHELSA_pr_07_2002_V.2.1.tif
pr,2002,8,True,https://os.unil.cloud.switch.ch/chelsa02/chelsa/global/monthly/pr/2002/CHELSA_pr_08_2002_V.2.1.tif
pr,2002,9,True,https://os.unil.cloud.switch.ch/chelsa02/chelsa/global/monthly/pr/2002/CHELSA_pr_09_2002_V.2.1.tif
pr,2002,10,True,https://os.unil.cloud.switch.ch/chelsa02/chelsa/global/monthly/pr/2002/CHELSA_pr_10_2002_V.2.1.tif
pr,2002,11,True,https://os.unil.cloud.switch.ch/chelsa02/chelsa/global/monthly/pr/2002/CHELSA_pr_11_2002_V.2.1.tif
pr,2002,12,True,https://os.unil.cloud.switch.ch/chelsa02/chelsa/global/monthly/pr/2002/CHELSA_pr_12_2002_V.2.1.tif
pr,2003,1,True,https://os.unil.cloud.switch.ch/chelsa02/chelsa/global/monthly/pr/2003/CHELSA_pr_01_2003_V.2.1.tif
pr,2003,2,True,https://os.unil.cloud.switch.ch/chelsa02/chelsa/global/monthly/pr/2003/CHELSA_pr_02_2003_V.2.1.tif
pr,2003,3,True,https://os.unil.cloud.switch.ch/chelsa02/chelsa/global/monthly/pr/2003/CHELSA_pr_03_2003_V.2.1.tif
pr,2003,4,True,https://os.unil.cloud.switch.ch/chelsa02/chelsa/global/monthly/pr/2003/CHELSA_pr_04_2003_V.2.1.tif
pr,2003,5,True,https://os.unil.cloud.switch.ch/chelsa02/chelsa/global/monthly/pr/2003/CHELSA_pr_05_2003_V.2.1.tif
pr,2003,6,True,https://os.unil.cloud.switch.ch/chelsa02/chelsa/global/monthly/pr/2003/CHELSA_pr_06_2003_V.2.1.tif
pr,2003,7,True,https://os.unil.cloud.switch.ch/chelsa02/chelsa/global/monthly/pr/2003/CHELSA_pr_07_2003_V.2.1.tif
pr,2003,8,True,https://os.unil.cloud.switch.ch/chelsa02/chelsa/global/monthly/pr/2003/CHELSA_pr_08_2003_V.2.1.tif
pr,2003,9,True,https://os.unil.cloud.switch.ch/chelsa02/chelsa/global/monthly/pr/2003/CHELSA_pr_09_2003_V.2.1.tif
pr,2003,10,True,https://os.unil.cloud.switch.ch/chelsa02/chelsa/global/monthly/pr/2003/CHELSA_pr_10_2003_V.2.1.tif
pr,2003,11,True,https://os.unil.cloud.switch.ch/chelsa02/chelsa/global/monthly/pr/2003/CHELSA_pr_11_2003_V.2.1.tif
pr,2003,12,True,https://os.unil.cloud.switch.ch/chelsa02/chelsa/global/monthly/pr/2003/CHELSA_pr_12_2003_V.2.1.tif
pr,2004,1,True,https://os.unil.cloud.switch.ch/chelsa02/chelsa/global/monthly/pr/2004/CHELSA_pr_01_2004_V.2.1.tif
pr,2004,2,True,https://os.unil.cloud.switch.ch/chelsa02/chelsa/global/monthly/pr/2004/CHELSA_pr_02_2004_V.2.1.tif
pr,2004,3,True,https://os.unil.cloud.switch.ch/chelsa02/chelsa/global/monthly/pr/2004/CHELSA_pr_03_2004_V.2.1.tif
pr,2004,4,True,https://os.unil.cloud.switch.ch/chelsa02/chelsa/global/monthly/pr/2004/CHELSA_pr_04_2004_V.2.1.tif
pr,2004,5,True,https://os.unil.cloud.switch.ch/chelsa02/chelsa/global/monthly/pr/2004/CHELSA_pr_05_2004_V.2.1.tif
pr,2004,6,True,https://os.unil.cloud.switch.ch/chelsa02/chelsa/global/monthly/pr/2004/CHELSA_pr_06_2004_V.2.1.tif
pr,2004,7,True,https://os.unil.cloud.switch.ch/chelsa02/chelsa/global/monthly/pr/2004/CHELSA_pr_07_2004_V.2.1.tif
pr,2004,8,True,https://os.unil.cloud.switch.ch/chelsa02/chelsa/global/monthly/pr/2004/CHELSA_pr_08_2004_V.2.1.tif
pr,2004,9,True,https://os.unil.cloud.switch.ch/chelsa02/chelsa/global/monthly/pr/2004/CHELSA_pr_09_2004_V.2.1.tif
pr,2004,10,True,https://os.unil.cloud.switch.ch/chelsa02/chelsa/global/monthly/pr/2004/CHELSA_pr_10_2004_V.2.1.tif
pr,2004,11,True,https://os.unil.cloud.switch.ch/chelsa02/chelsa/global/monthly/pr/2004/CHELSA_pr_11_2004_V.2.1.tif
pr,2004,12,True,https://os.unil.cloud.switch.ch/chelsa02/chelsa/global/monthly/pr/2004/CHELSA_pr_12_2004_V.2.1.tif
pr,2005,1,True,https://os.unil.cloud.switch.ch/chelsa02/chelsa/global/monthly/pr/2005/CHELSA_pr_01_2005_V.2.1.tif
pr,2005,2,True,https://os.unil.cloud.switch.ch/chelsa02/chelsa/global/monthly/pr/2005/CHELSA_pr_02_2005_V.2.1.tif
pr,2005,3,True,https://os.unil.cloud.switch.ch/chelsa02/chelsa/global/monthly/pr/2005/CHELSA_pr_03_2005_V.2.1.tif
pr,2005,4,True,https://os.unil.cloud.switch.ch/chelsa02/chelsa/global/monthly/pr/2005/CHELSA_pr_04_2005_V.2.1.tif
pr,2005,5,True,https://os.unil.cloud.switch.ch/chelsa02/chelsa/global/monthly/pr/2005/CHELSA_pr_05_2005_V.2.1.tif
pr,2005,6,True,https://os.unil.cloud.switch.ch/chelsa02/chelsa/global/monthly/pr/2005/CHELSA_pr_06_2005_V.2.1.tif
pr,2005,7,True,https://os.unil.cloud.switch.ch/chelsa02/chelsa/global/monthly/pr/2005/CHELSA_pr_07_2005_V.2.1.tif
pr,2005,8,True,https://os.unil.cloud.switch.ch/chelsa02/chelsa/global/monthly/pr/2005/CHELSA_pr_08_2005_V.2.1.tif
pr,2005,9,True,https://os.unil.cloud.switch.ch/chelsa02/chelsa/global/monthly/pr/2005/CHELSA_pr_09_2005_V.2.1.tif
pr,2005,10,True,https://os.unil.cloud.switch.ch/chelsa02/chelsa/global/monthly/pr/2005/CHELSA_pr_10_2005_V.2.1.tif
pr,2005,11,True,https://os.unil.cloud.switch.ch/chelsa02/chelsa/global/monthly/pr/2005/CHELSA_pr_11_2005_V.2.1.tif
pr,2005,12,True,https://os.unil.cloud.switch.ch/chelsa02/chelsa/global/monthly/pr/2005/CHELSA_pr_12_2005_V.2.1.tif
pr,2006,1,True,https://os.unil.cloud.switch.ch/chelsa02/chelsa/global/monthly/pr/2006/CHELSA_pr_01_2006_V.2.1.tif
pr,2006,2,True,https://os.unil.cloud.switch.ch/chelsa02/chelsa/global/monthly/pr/2006/CHELSA_pr_02_2006_V.2.1.tif
pr,2006,3,True,https://os.unil.cloud.switch.ch/chelsa02/chelsa/global/monthly/pr/2006/CHELSA_pr_03_2006_V.2.1.tif
pr,2006,4,True,https://os.unil.cloud.switch.ch/chelsa02/chelsa/global/monthly/pr/2006/CHELSA_pr_04_2006_V.2.1.tif
pr,2006,5,True,https://os.unil.cloud.switch.ch/chelsa02/chelsa/global/monthly/pr/2006/CHELSA_pr_05_2006_V.2.1.tif
pr,2006,6,True,https://os.unil.cloud.switch.ch/chelsa02/chelsa/global/monthly/pr/2006/CHELSA_pr_06_2006_V.2.1.tif
pr,2006,7,True,https://os.unil.cloud.switch.ch/chelsa02/chelsa/global/monthly/pr/2006/CHELSA_pr_07_2006_V.2.1.tif
pr,2006,8,True,https://os.unil.cloud.switch.ch/chelsa02/chelsa/global/monthly/pr/2006/CHELSA_pr_08_2006_V.2.1.tif
pr,2006,9,True,https://os.unil.cloud.switch.ch/chelsa02/chelsa/global/monthly/pr/2006/CHELSA_pr_09_2006_V.2.1.tif
pr,2006,10,True,https://os.unil.cloud.switch.ch/chelsa02/chelsa/global/monthly/pr/2006/CHELSA_pr_10_2006_V.2.1.tif
pr,2006,11,True,https://os.unil.cloud.switch.ch/chelsa02/chelsa/global/monthly/pr/2006/CHELSA_pr_11_2006_V.2.1.tif
pr,2006,12,True,https://os.unil.cloud.switch.ch/chelsa02/chelsa/global/monthly/pr/2006/CHELSA_pr_12_2006_V.2.1.tif
pr,2007,1,True,https://os.unil.cloud.switch.ch/chelsa02/chelsa/global/monthly/pr/2007/CHELSA_pr_01_2007_V.2.1.tif
pr,2007,2,True,https://os.unil.cloud.switch.ch/chelsa02/chelsa/global/monthly/pr/2007/CHELSA_pr_02_2007_V.2.1.tif
pr,2007,3,True,https://os.unil.cloud.switch.ch/chelsa02/chelsa/global/monthly/pr/2007/CHELSA_pr_03_2007_V.2.1.tif
pr,2007,4,True,https://os.unil.cloud.switch.ch/chelsa02/chelsa/global/monthly/pr/2007/CHELSA_pr_04_2007_V.2.1.tif
pr,2007,5,True,https://os.unil.cloud.switch.ch/chelsa02/chelsa/global/monthly/pr/2007/CHELSA_pr_05_2007_V.2.1.tif
pr,2007,6,True,https://os.unil.cloud.switch.ch/chelsa02/chelsa/global/monthly/pr/2007/CHELSA_pr_06_2007_V.2.1.tif
pr,2007,7,True,https://os.unil.cloud.switch.ch/chelsa02/chelsa/global/monthly/pr/2007/CHELSA_pr_07_2007_V.2.1.tif
pr,2007,8,True,https://os.unil.cloud.switch.ch/chelsa02/chelsa/global/monthly/pr/2007/CHELSA_pr_08_2007_V.2.1.tif
pr,2007,9,True,https://os.unil.cloud.switch.ch/chelsa02/chelsa/global/monthly/pr/2007/CHELSA_pr_09_2007_V.2.1.tif
pr,2007,10,True,https://os.unil.cloud.switch.ch/chelsa02/chelsa/global/monthly/pr/2007/CHELSA_pr_10_2007_V.2.1.tif
pr,2007,11,True,https://os.unil.cloud.switch.ch/chelsa02/chelsa/global/monthly/pr/2007/CHELSA_pr_11_2007_V.2.1.tif
pr,2007,12,True,https://os.unil.cloud.switch.ch/chelsa02/chelsa/global/monthly/pr/2007/CHELSA_pr_12_2007_V.2.1.tif
pr,2008,1,True,https://os.unil.cloud.switch.ch/chelsa02/chelsa/global/monthly/pr/2008/CHELSA_pr_01_2008_V.2.1.tif
pr,2008,2,True,https://os.unil.cloud.switch.ch/chelsa02/chelsa/global/monthly/pr/2008/CHELSA_pr_02_2008_V.2.1.tif
pr,2008,3,True,https://os.unil.cloud.switch.ch/chelsa02/chelsa/global/monthly/pr/2008/CHELSA_pr_03_2008_V.2.1.tif
pr,2008,4,True,https://os.unil.cloud.switch.ch/chelsa02/chelsa/global/monthly/pr/2008/CHELSA_pr_04_2008_V.2.1.tif
pr,2008,5,True,https://os.unil.cloud.switch.ch/chelsa02/chelsa/global/monthly/pr/2008/CHELSA_pr_05_2008_V.2.1.tif
pr,2008,6,True,https://os.unil.cloud.switch.ch/chelsa02/chelsa/global/monthly/pr/2008/CHELSA_pr_06_2008_V.2.1.tif
pr,2008,7,True,https://os.unil.cloud.switch.ch/chelsa02/chelsa/global/monthly/pr/2008/CHELSA_pr_07_2008_V.2.1.tif
pr,2008,8,True,https://os.unil.cloud.switch.ch/chelsa02/chelsa/global/monthly/pr/2008/CHELSA_pr_08_2008_V.2.1.tif
pr,2008,9,True,https://os.unil.cloud.switch.ch/chelsa02/chelsa/global/monthly/pr/2008/CHELSA_pr_09_2008_V.2.1.tif
pr,2008,10,True,https://os.unil.cloud.switch.ch/chelsa02/chelsa/global/monthly/pr/2008/CHELSA_pr_10_2008_V.2.1.tif
pr,2008,11,True,https://os.unil.cloud.switch.ch/chelsa02/chelsa/global/monthly/pr/2008/CHELSA_pr_11_2008_V.2.1.tif
pr,2008,12,True,https://os.unil.cloud.switch.ch/chelsa02/chelsa/global/monthly/pr/2008/CHELSA_pr_12_2008_V.2.1.tif
pr,2009,1,True,https://os.unil.cloud.switch.ch/chelsa02/chelsa/global/monthly/pr/2009/CHELSA_pr_01_2009_V.2.1.tif
pr,2009,2,True,https://os.unil.cloud.switch.ch/chelsa02/chelsa/global/monthly/pr/2009/CHELSA_pr_02_2009_V.2.1.tif
pr,2009,3,True,https://os.unil.cloud.switch.ch/chelsa02/chelsa/global/monthly/pr/2009/CHELSA_pr_03_2009_V.2.1.tif
pr,2009,4,True,https://os.unil.cloud.switch.ch/chelsa02/chelsa/global/monthly/pr/2009/CHELSA_pr_04_2009_V.2.1.tif
pr,2009,5,True,https://os.unil.cloud.switch.ch/chelsa02/chelsa/global/monthly/pr/2009/CHELSA_pr_05_2009_V.2.1.tif
pr,2009,6,True,https://os.unil.cloud.switch.ch/chelsa02/chelsa/global/monthly/pr/2009/CHELSA_pr_06_2009_V.2.1.tif
pr,2009,7,True,https://os.unil.cloud.switch.ch/chelsa02/chelsa/global/monthly/pr/2009/CHELSA_pr_07_2009_V.2.1.tif
pr,2009,8,True,https://os.unil.cloud.switch.ch/chelsa02/chelsa/global/monthly/pr/2009/CHELSA_pr_08_2009_V.2.1.tif
pr,2009,9,True,https://os.unil.cloud.switch.ch/chelsa02/chelsa/global/monthly/pr/2009/CHELSA_pr_09_2009_V.2.1.tif
pr,2009,10,True,https://os.unil.cloud.switch.ch/chelsa02/chelsa/global/monthly/pr/2009/CHELSA_pr_10_2009_V.2.1.tif
pr,2009,11,True,https://os.unil.cloud.switch.ch/chelsa02/chelsa/global/monthly/pr/2009/CHELSA_pr_11_2009_V.2.1.tif
pr,2009,12,True,https://os.unil.cloud.switch.ch/chelsa02/chelsa/global/monthly/pr/2009/CHELSA_pr_12_2009_V.2.1.tif
pr,2010,1,True,https://os.unil.cloud.switch.ch/chelsa02/chelsa/global/monthly/pr/2010/CHELSA_pr_01_2010_V.2.1.tif
pr,2010,2,True,https://os.unil.cloud.switch.ch/chelsa02/chelsa/global/monthly/pr/2010/CHELSA_pr_02_2010_V.2.1.tif
pr,2010,3,True,https://os.unil.cloud.switch.ch/chelsa02/chelsa/global/monthly/pr/2010/CHELSA_pr_03_2010_V.2.1.tif
pr,2010,4,True,https://os.unil.cloud.switch.ch/chelsa02/chelsa/global/monthly/pr/2010/CHELSA_pr_04_2010_V.2.1.tif
pr,2010,5,True,https://os.unil.cloud.switch.ch/chelsa02/chelsa/global/monthly/pr/2010/CHELSA_pr_05_2010_V.2.1.tif
pr,2010,6,True,https://os.unil.cloud.switch.ch/chelsa02/chelsa/global/monthly/pr/2010/CHELSA_pr_06_2010_V.2.1.tif
pr,2010,7,True,https://os.unil.cloud.switch.ch/chelsa02/chelsa/global/monthly/pr/2010/CHELSA_pr_07_2010_V.2.1.tif
pr,2010,8,True,https://os.unil.cloud.switch.ch/chelsa02/chelsa/global/monthly/pr/2010/CHELSA_pr_08_2010_V.2.1.tif
pr,2010,9,True,https://os.unil.cloud.switch.ch/chelsa02/chelsa/global/monthly/pr/2010/CHELSA_pr_09_2010_V.2.1.tif
pr,2010,10,True,https://os.unil.cloud.switch.ch/chelsa02/chelsa/global/monthly/pr/2010/CHELSA_pr_10_2010_V.2.1.tif
pr,2010,11,True,https://os.unil.cloud.switch.ch/chelsa02/chelsa/global/monthly/pr/2010/CHELSA_pr_11_2010_V.2.1.tif
pr,2010,12,True,https://os.unil.cloud.switch.ch/chelsa02/chelsa/global/monthly/pr/2010/CHELSA_pr_12_2010_V.2.1.tif
pr,2011,1,True,https://os.unil.cloud.switch.ch/chelsa02/chelsa/global/monthly/pr/2011/CHELSA_pr_01_2011_V.2.1.tif
pr,2011,2,True,https://os.unil.cloud.switch.ch/chelsa02/chelsa/global/monthly/pr/2011/CHELSA_pr_02_2011_V.2.1.tif
pr,2011,3,True,https://os.unil.cloud.switch.ch/chelsa02/chelsa/global/monthly/pr/2011/CHELSA_pr_03_2011_V.2.1.tif
pr,2011,4,True,https://os.unil.cloud.switch.ch/chelsa02/chelsa/global/monthly/pr/2011/CHELSA_pr_04_2011_V.2.1.tif
pr,2011,5,True,https://os.unil.cloud.switch.ch/chelsa02/chelsa/global/monthly/pr/2011/CHELSA_pr_05_2011_V.2.1.tif
pr,2011,6,True,https://os.unil.cloud.switch.ch/chelsa02/chelsa/global/monthly/pr/2011/CHELSA_pr_06_2011_V.2.1.tif
pr,2011,7,True,https://os.unil.cloud.switch.ch/chelsa02/chelsa/global/monthly/pr/2011/CHELSA_pr_07_2011_V.2.1.tif
pr,2011,8,True,https://os.unil.cloud.switch.ch/chelsa02/chelsa/global/monthly/pr/2011/CHELSA_pr_08_2011_V.2.1.tif
pr,2011,9,True,https://os.unil.cloud.switch.ch/chelsa02/chelsa/global/monthly/pr/2011/CHELSA_pr_09_2011_V.2.1.tif
pr,2011,10,True,https://os.unil.cloud.switch.ch/chelsa02/chelsa/global/monthly/pr/2011/CHELSA_pr_10_2011_V.2.1.tif
pr,2011,11,True,https://os.unil.cloud.switch.ch/chelsa02/chelsa/global/monthly/pr/2011/CHELSA_pr_11_2011_V.2.1.tif
pr,2011,12,True,https://os.unil.cloud.switch.ch/chelsa02/chelsa/global/monthly/pr/2011/CHELSA_pr_12_2011_V.2.1.tif
pr,2012,1,True,https://os.unil.cloud.switch.ch/chelsa02/chelsa/global/monthly/pr/2012/CHELSA_pr_01_2012_V.2.1.tif
pr,2012,2,True,https://os.unil.cloud.switch.ch/chelsa02/chelsa/global/monthly/pr/2012/CHELSA_pr_02_2012_V.2.1.tif
pr,2012,3,True,https://os.unil.cloud.switch.ch/chelsa02/chelsa/global/monthly/pr/2012/CHELSA_pr_03_2012_V.2.1.tif
pr,2012,4,True,https://os.unil.cloud.switch.ch/chelsa02/chelsa/global/monthly/pr/2012/CHELSA_pr_04_2012_V.2.1.tif
pr,2012,5,True,https://os.unil.cloud.switch.ch/chelsa02/chelsa/global/monthly/pr/2012/CHELSA_pr_05_2012_V.2.1.tif
pr,2012,6,True,https://os.unil.cloud.switch.ch/chelsa02/chelsa/global/monthly/pr/2012/CHELSA_pr_06_2012_V.2.1.tif
pr,2012,7,True,https://os.unil.cloud.switch.ch/chelsa02/chelsa/global/monthly/pr/2012/CHELSA_pr_07_2012_V.2.1.tif
pr,2012,8,True,https://os.unil.cloud.switch.ch/chelsa02/chelsa/global/monthly/pr/2012/CHELSA_pr_08_2012_V.2.1.tif
pr,2012,9,True,https://os.unil.cloud.switch.ch/chelsa02/chelsa/global/monthly/pr/2012/CHELSA_pr_09_2012_V.2.1.tif
pr,2012,10,True,https://os.unil.cloud.switch.ch/chelsa02/chelsa/global/monthly/pr/2012/CHELSA_pr_10_2012_V.2.1.tif
pr,2012,11,True,https://os.unil.cloud.switch.ch/chelsa02/chelsa/global/monthly/pr/2012/CHELSA_pr_11_2012_V.2.1.tif
pr,2012,12,True,https://os.unil.cloud.switch.ch/chelsa02/chelsa/global/monthly/pr/2012/CHELSA_pr_12_2012_V.2.1.tif
pr,2013,1,True,https://os.unil.cloud.switch.ch/chelsa02/chelsa/global/monthly/pr/2013/CHELSA_pr_01_2013_V.2.1.tif
pr,2013,2,True,https://os.unil.cloud.switch.ch/chelsa02/chelsa/global/monthly/pr/2013/CHELSA_pr_02_2013_V.2.1.tif
pr,2013,3,True,https://os.unil.cloud.switch.ch/chelsa02/chelsa/global/monthly/pr/2013/CHELSA_pr_03_2013_V.2.1.tif
pr,2013,4,True,https://os.unil.cloud.switch.ch/chelsa02/chelsa/global/monthly/pr/2013/CHELSA_pr_04_2013_V.2.1.tif
pr,2013,5,True,https://os.unil.cloud.switch.ch/chelsa02/chelsa/global/monthly/pr/2013/CHELSA_pr_05_2013_V.2.1.tif
pr,2013,6,True,https://os.unil.cloud.switch.ch/chelsa02/chelsa/global/monthly/pr/2013/CHELSA_pr_06_2013_V.2.1.tif
pr,2013,7,True,https://os.unil.cloud.switch.ch/chelsa02/chelsa/global/monthly/pr/2013/CHELSA_pr_07_2013_V.2.1.tif
pr,2013,8,True,https://os.unil.cloud.switch.ch/chelsa02/chelsa/global/monthly/pr/2013/CHELSA_pr_08_2013_V.2.1.tif
pr,2013,9,True,https://os.unil.cloud.switch.ch/chelsa02/chelsa/global/monthly/pr/2013/CHELSA_pr_09_2013_V.2.1.tif
pr,2013,10,True,https://os.unil.cloud.switch.ch/chelsa02/chelsa/global/monthly/pr/2013/CHELSA_pr_10_2013_V.2.1.tif
pr,2013,11,True,https://os.unil.cloud.switch.ch/chelsa02/chelsa/global/monthly/pr/2013/CHELSA_pr_11_2013_V.2.1.tif
pr,2013,12,True,https://os.unil.cloud.switch.ch/chelsa02/chelsa/global/monthly/pr/2013/CHELSA_pr_12_2013_V.2.1.tif
pr,2014,1,True,https://os.unil.cloud.switch.ch/chelsa02/chelsa/global/monthly/pr/2014/CHELSA_pr_01_2014_V.2.1.tif
pr,2014,2,True,https://os.unil.cloud.switch.ch/chelsa02/chelsa/global/monthly/pr/2014/CHELSA_pr_02_2014_V.2.1.tif
pr,2014,3,True,https://os.unil.cloud.switch.ch/chelsa02/chelsa/global/monthly/pr/2014/CHELSA_pr_03_2014_V.2.1.tif
pr,2014,4,True,https://os.unil.cloud.switch.ch/chelsa02/chelsa/global/monthly/pr/2014/CHELSA_pr_04_2014_V.2.1.tif
pr,2014,5,True,https://os.unil.cloud.switch.ch/chelsa02/chelsa/global/monthly/pr/2014/CHELSA_pr_05_2014_V.2.1.tif
pr,2014,6,True,https://os.unil.cloud.switch.ch/chelsa02/chelsa/global/monthly/pr/2014/CHELSA_pr_06_2014_V.2.1.tif
pr,2014,7,True,https://os.unil.cloud.switch.ch/chelsa02/chelsa/global/monthly/pr/2014/CHELSA_pr_07_2014_V.2.1.tif
pr,2014,8,True,https://os.unil.cloud.switch.ch/chelsa02/chelsa/global/monthly/pr/2014/CHELSA_pr_08_2014_V.2.1.tif
pr,2014,9,True,https://os.unil.cloud.switch.ch/chelsa02/chelsa/global/monthly/pr/2014/CHELSA_pr_09_2014_V.2.1.tif
pr,2014,10,True,https://os.unil.cloud.switch.ch/chelsa02/chelsa/global/monthly/pr/2014/CHELSA_pr_10_2014_V.2.1.tif
pr,2014,11,True,https://os.unil.cloud.switch.ch/chelsa02/chelsa/global/monthly/pr/2014/CHELSA_pr_11_2014_V.2.1.tif
pr,2014,12,True,https://os.unil.cloud.switch.ch/chelsa02/chelsa/global/monthly/pr/2014/CHELSA_pr_12_2014_V.2.1.tif
pr,2015,1,True,https://os.unil.cloud.switch.ch/chelsa02/chelsa/global/monthly/pr/2015/CHELSA_pr_01_2015_V.2.1.tif
pr,2015,2,True,https://os.unil.cloud.switch.ch/chelsa02/chelsa/global/monthly/pr/2015/CHELSA_pr_02_2015_V.2.1.tif
pr,2015,3,True,https://os.unil.cloud.switch.ch/chelsa02/chelsa/global/monthly/pr/2015/CHELSA_pr_03_2015_V.2.1.tif
pr,2015,4,True,https://os.unil.cloud.switch.ch/chelsa02/chelsa/global/monthly/pr/2015/CHELSA_pr_04_2015_V.2.1.tif
pr,2015,5,True,https://os.unil.cloud.switch.ch/chelsa02/chelsa/global/monthly/pr/2015/CHELSA_pr_05_2015_V.2.1.tif
pr,2015,6,True,https://os.unil.cloud.switch.ch/chelsa02/chelsa/global/monthly/pr/2015/CHELSA_pr_06_2015_V.2.1.tif
pr,2015,7,True,https://os.unil.cloud.switch.ch/chelsa02/chelsa/global/monthly/pr/2015/CHELSA_pr_07_2015_V.2.1.tif
pr,2015,8,True,https://os.unil.cloud.switch.ch/chelsa02/chelsa/global/monthly/pr/2015/CHELSA_pr_08_2015_V.2.1.tif
pr,2015,9,True,https://os.unil.cloud.switch.ch/chelsa02/chelsa/global/monthly/pr/2015/CHELSA_pr_09_2015_V.2.1.tif
pr,2015,10,True,https://os.unil.cloud.switch.ch/chelsa02/chelsa/global/monthly/pr/2015/CHELSA_pr_10_2015_V.2.1.tif
pr,2015,11,True,https://os.unil.cloud.switch.ch/chelsa02/chelsa/global/monthly/pr/2015/CHELSA_pr_11_2015_V.2.1.tif
pr,2015,12,True,https://os.unil.cloud.switch.ch/chelsa02/chelsa/global/monthly/pr/2015/CHELSA_pr_12_2015_V.2.1.tif
pr,2016,1,True,https://os.unil.cloud.switch.ch/chelsa02/chelsa/global/monthly/pr/2016/CHELSA_pr_01_2016_V.2.1.tif
pr,2016,2,True,https://os.unil.cloud.switch.ch/chelsa02/chelsa/global/monthly/pr/2016/CHELSA_pr_02_2016_V.2.1.tif
pr,2016,3,True,https://os.unil.cloud.switch.ch/chelsa02/chelsa/global/monthly/pr/2016/CHELSA_pr_03_2016_V.2.1.tif
pr,2016,4,True,https://os.unil.cloud.switch.ch/chelsa02/chelsa/global/monthly/pr/2016/CHELSA_pr_04_2016_V.2.1.tif
pr,2016,5,True,https://os.unil.cloud.switch.ch/chelsa02/chelsa/global/monthly/pr/2016/CHELSA_pr_05_2016_V.2.1.tif
pr,2016,6,True,https://os.unil.cloud.switch.ch/chelsa02/chelsa/global/monthly/pr/2016/CHELSA_pr_06_2016_V.2.1.tif
pr,2016,7,True,https://os.unil.cloud.switch.ch/chelsa02/chelsa/global/monthly/pr/2016/CHELSA_pr_07_2016_V.2.1.tif
pr,2016,8,True,https://os.unil.cloud.switch.ch/chelsa02/chelsa/global/monthly/pr/2016/CHELSA_pr_08_2016_V.2.1.tif
pr,2016,9,True,https://os.unil.cloud.switch.ch/chelsa02/chelsa/global/monthly/pr/2016/CHELSA_pr_09_2016_V.2.1.tif
pr,2016,10,True,https://os.unil.cloud.switch.ch/chelsa02/chelsa/global/monthly/pr/2016/CHELSA_pr_10_2016_V.2.1.tif
pr,2016,11,True,https://os.unil.cloud.switch.ch/chelsa02/chelsa/global/monthly/pr/2016/CHELSA_pr_11_2016_V.2.1.tif
pr,2016,12,True,https://os.unil.cloud.switch.ch/chelsa02/chelsa/global/monthly/pr/2016/CHELSA_pr_12_2016_V.2.1.tif
pr,2017,1,True,https://os.unil.cloud.switch.ch/chelsa02/chelsa/global/monthly/pr/2017/CHELSA_pr_01_2017_V.2.1.tif
pr,2017,2,True,https://os.unil.cloud.switch.ch/chelsa02/chelsa/global/monthly/pr/2017/CHELSA_pr_02_2017_V.2.1.tif
pr,2017,3,True,https://os.unil.cloud.switch.ch/chelsa02/chelsa/global/monthly/pr/2017/CHELSA_pr_03_2017_V.2.1.tif
pr,2017,4,True,https://os.unil.cloud.switch.ch/chelsa02/chelsa/global/monthly/pr/2017/CHELSA_pr_04_2017_V.2.1.tif
pr,2017,5,True,https://os.unil.cloud.switch.ch/chelsa02/chelsa/global/monthly/pr/2017/CHELSA_pr_05_2017_V.2.1.tif
pr,2017,6,True,https://os.unil.cloud.switch.ch/chelsa02/chelsa/global/monthly/pr/2017/CHELSA_pr_06_2017_V.2.1.tif
pr,2017,7,True,https://os.unil.cloud.switch.ch/chelsa02/chelsa/global/monthly/pr/2017/CHELSA_pr_07_2017_V.2.1.tif
pr,2017,8,True,https://os.unil.cloud.switch.ch/chelsa02/chelsa/global/monthly/pr/2017/CHELSA_pr_08_2017_V.2.1.tif
pr,2017,9,True,https://os.unil.cloud.switch.ch/chelsa02/chelsa/global/monthly/pr/2017/CHELSA_pr_09_2017_V.2.1.tif
pr,2017,10,True,https://os.unil.cloud.switch.ch/chelsa02/chelsa/global/monthly/pr/2017/CHELSA_pr_10_2017_V.2.1.tif
pr,2017,11,True,https://os.unil.cloud.switch.ch/chelsa02/chelsa/global/monthly/pr/2017/CHELSA_pr_11_2017_V.2.1.tif
pr,2017,12,True,https://os.unil.cloud.switch.ch/chelsa02/chelsa/global/monthly/pr/2017/CHELSA_pr_12_2017_V.2.1.tif
pr,2018,1,True,https://os.unil.cloud.switch.ch/chelsa02/chelsa/global/monthly/pr/2018/CHELSA_pr_01_2018_V.2.1.tif
pr,2018,2,True,https://os.unil.cloud.switch.ch/chelsa02/chelsa/global/monthly/pr/2018/CHELSA_pr_02_2018_V.2.1.tif
pr,2018,3,True,https://os.unil.cloud.switch.ch/chelsa02/chelsa/global/monthly/pr/2018/CHELSA_pr_03_2018_V.2.1.tif
pr,2018,4,True,https://os.unil.cloud.switch.ch/chelsa02/chelsa/global/monthly/pr/2018/CHELSA_pr_04_2018_V.2.1.tif
pr,2018,5,True,https://os.unil.cloud.switch.ch/chelsa02/chelsa/global/monthly/pr/2018/CHELSA_pr_05_2018_V.2.1.tif
pr,2018,6,True,https://os.unil.cloud.switch.ch/chelsa02/chelsa/global/monthly/pr/2018/CHELSA_pr_06_2018_V.2.1.tif
pr,2018,7,True,https://os.unil.cloud.switch.ch/chelsa02/chelsa/global/monthly/pr/2018/CHELSA_pr_07_2018_V.2.1.tif
pr,2018,8,True,https://os.unil.cloud.switch.ch/chelsa02/chelsa/global/monthly/pr/2018/CHELSA_pr_08_2018_V.2.1.tif
pr,2018,9,True,https://os.unil.cloud.switch.ch/chelsa02/chelsa/global/monthly/pr/2018/CHELSA_pr_09_2018_V.2.1.tif
pr,2018,10,True,https://os.unil.cloud.switch.ch/chelsa02/chelsa/global/monthly/pr/2018/CHELSA_pr_10_2018_V.2.1.tif
pr,2018,11,True,https://os.unil.cloud.switch.ch/chelsa02/chelsa/global/monthly/pr/2018/CHELSA_pr_11_2018_V.2.1.tif
pr,2018,12,True,https://os.unil.cloud.switch.ch/chelsa02/chelsa/global/monthly/pr/2018/CHELSA_pr_12_2018_V.2.1.tif
pr,2019,1,True,https://os.unil.cloud.switch.ch/chelsa02/chelsa/global/monthly/pr/2019/CHELSA_pr_01_2019_V.2.1.tif
pr,2019,2,True,https://os.unil.cloud.switch.ch/chelsa02/chelsa/global/monthly/pr/2019/CHELSA_pr_02_2019_V.2.1.tif
pr,2019,3,True,https://os.unil.cloud.switch.ch/chelsa02/chelsa/global/monthly/pr/2019/CHELSA_pr_03_2019_V.2.1.tif
pr,2019,4,True,https://os.unil.cloud.switch.ch/chelsa02/chelsa/global/monthly/pr/2019/CHELSA_pr_04_2019_V.2.1.tif
pr,2019,5,True,https://os.unil.cloud.switch.ch/chelsa02/chelsa/global/monthly/pr/2019/CHELSA_pr_05_2019_V.2.1.tif
pr,2019,6,True,https://os.unil.cloud.switch.ch/chelsa02/chelsa/global/monthly/pr/2019/CHELSA_pr_06_2019_V.2.1.tif
pr,2019,7,True,https://os.unil.cloud.switch.ch/chelsa02/chelsa/global/monthly/pr/2019/CHELSA_pr_07_2019_V.2.1.tif
pr,2019,8,True,https://os.unil.cloud.switch.ch/chelsa02/chelsa/global/monthly/pr/2019/CHELSA_pr_08_2019_V.2.1.tif
pr,2019,9,True,https://os.unil.cloud.switch.ch/chelsa02/chelsa/global/monthly/pr/2019/CHELSA_pr_09_2019_V.2.1.tif
pr,2019,10,True,https://os.unil.cloud.switch.ch/chelsa02/chelsa/global/monthly/pr/2019/CHELSA_pr_10_2019_V.2.1.tif
pr,2019,11,True,https://os.unil.cloud.switch.ch/chelsa02/chelsa/global/monthly/pr/2019/CHELSA_pr_11_2019_V.2.1.tif
pr,2019,12,True,https://os.unil.cloud.switch.ch/chelsa02/chelsa/global/monthly/pr/2019/CHELSA_pr_12_2019_V.2.1.tif
pr,2020,1,True,https://os.unil.cloud.switch.ch/chelsa02/chelsa/global/monthly/pr/2020/CHELSA_pr_01_2020_V.2.1.tif
pr,2020,2,True,https://os.unil.cloud.switch.ch/chelsa02/chelsa/global/monthly/pr/2020/CHELSA_pr_02_2020_V.2.1.tif
pr,2020,3,True,https://os.unil.cloud.switch.ch/chelsa02/chelsa/global/monthly/pr/2020/CHELSA_pr_03_2020_V.2.1.tif
pr,2020,4,True,https://os.unil.cloud.switch.ch/chelsa02/chelsa/global/monthly/pr/2020/CHELSA_pr_04_2020_V.2.1.tif
pr,2020,5,True,https://os.unil.cloud.switch.ch/chelsa02/chelsa/global/monthly/pr/2020/CHELSA_pr_05_2020_V.2.1.tif
pr,2020,6,True,https://os.unil.cloud.switch.ch/chelsa02/chelsa/global/monthly/pr/2020/CHELSA_pr_06_2020_V.2.1.tif
pr,2020,7,True,https://os.unil.cloud.switch.ch/chelsa02/chelsa/global/monthly/pr/2020/CHELSA_pr_07_2020_V.2.1.tif
pr,2020,8,True,https://os.unil.cloud.switch.ch/chelsa02/chelsa/global/monthly/pr/2020/CHELSA_pr_08_2020_V.2.1.tif
pr,2020,9,True,https://os.unil.cloud.switch.ch/chelsa02/chelsa/global/monthly/pr/2020/CHELSA_pr_09_2020_V.2.1.tif
pr,2020,10,True,https://os.unil.cloud.switch.ch/chelsa02/chelsa/global/monthly/pr/2020/CHELSA_pr_10_2020_V.2.1.tif
pr,2020,11,True,https://os.unil.cloud.switch.ch/chelsa02/chelsa/global/monthly/pr/2020/CHELSA_pr_11_2020_V.2.1.tif
pr,2020,12,True,https://os.unil.cloud.switch.ch/chelsa02/chelsa/global/monthly/pr/2020/CHELSA_pr_12_2020_V.2.1.tif
tas,1991,1,True,https://os.unil.cloud.switch.ch/chelsa02/chelsa/global/monthly/tas/1991/CHELSA_tas_01_1991_V.2.1.tif
tas,1991,2,True,https://os.unil.cloud.switch.ch/chelsa02/chelsa/global/monthly/tas/1991/CHELSA_tas_02_1991_V.2.1.tif
tas,1991,3,True,https://os.unil.cloud.switch.ch/chelsa02/chelsa/global/monthly/tas/1991/CHELSA_tas_03_1991_V.2.1.tif
tas,1991,4,True,https://os.unil.cloud.switch.ch/chelsa02/chelsa/global/monthly/tas/1991/CHELSA_tas_04_1991_V.2.1.tif
tas,1991,5,True,https://os.unil.cloud.switch.ch/chelsa02/chelsa/global/monthly/tas/1991/CHELSA_tas_05_1991_V.2.1.tif
tas,1991,6,True,https://os.unil.cloud.switch.ch/chelsa02/chelsa/global/monthly/tas/1991/CHELSA_tas_06_1991_V.2.1.tif
tas,1991,7,True,https://os.unil.cloud.switch.ch/chelsa02/chelsa/global/monthly/tas/1991/CHELSA_tas_07_1991_V.2.1.tif
tas,1991,8,True,https://os.unil.cloud.switch.ch/chelsa02/chelsa/global/monthly/tas/1991/CHELSA_tas_08_1991_V.2.1.tif
tas,1991,9,True,https://os.unil.cloud.switch.ch/chelsa02/chelsa/global/monthly/tas/1991/CHELSA_tas_09_1991_V.2.1.tif
tas,1991,10,True,https://os.unil.cloud.switch.ch/chelsa02/chelsa/global/monthly/tas/1991/CHELSA_tas_10_1991_V.2.1.tif
tas,1991,11,True,https://os.unil.cloud.switch.ch/chelsa02/chelsa/global/monthly/tas/1991/CHELSA_tas_11_1991_V.2.1.tif
tas,1991,12,True,https://os.unil.cloud.switch.ch/chelsa02/chelsa/global/monthly/tas/1991/CHELSA_tas_12_1991_V.2.1.tif
tas,1992,1,True,https://os.unil.cloud.switch.ch/chelsa02/chelsa/global/monthly/tas/1992/CHELSA_tas_01_1992_V.2.1.tif
tas,1992,2,True,https://os.unil.cloud.switch.ch/chelsa02/chelsa/global/monthly/tas/1992/CHELSA_tas_02_1992_V.2.1.tif
tas,1992,3,True,https://os.unil.cloud.switch.ch/chelsa02/chelsa/global/monthly/tas/1992/CHELSA_tas_03_1992_V.2.1.tif
tas,1992,4,True,https://os.unil.cloud.switch.ch/chelsa02/chelsa/global/monthly/tas/1992/CHELSA_tas_04_1992_V.2.1.tif
tas,1992,5,True,https://os.unil.cloud.switch.ch/chelsa02/chelsa/global/monthly/tas/1992/CHELSA_tas_05_1992_V.2.1.tif
tas,1992,6,True,https://os.unil.cloud.switch.ch/chelsa02/chelsa/global/monthly/tas/1992/CHELSA_tas_06_1992_V.2.1.tif
tas,1992,7,True,https://os.unil.cloud.switch.ch/chelsa02/chelsa/global/monthly/tas/1992/CHELSA_tas_07_1992_V.2.1.tif
tas,1992,8,True,https://os.unil.cloud.switch.ch/chelsa02/chelsa/global/monthly/tas/1992/CHELSA_tas_08_1992_V.2.1.tif
tas,1992,9,True,https://os.unil.cloud.switch.ch/chelsa02/chelsa/global/monthly/tas/1992/CHELSA_tas_09_1992_V.2.1.tif
tas,1992,10,True,https://os.unil.cloud.switch.ch/chelsa02/chelsa/global/monthly/tas/1992/CHELSA_tas_10_1992_V.2.1.tif
tas,1992,11,True,https://os.unil.cloud.switch.ch/chelsa02/chelsa/global/monthly/tas/1992/CHELSA_tas_11_1992_V.2.1.tif
tas,1992,12,True,https://os.unil.cloud.switch.ch/chelsa02/chelsa/global/monthly/tas/1992/CHELSA_tas_12_1992_V.2.1.tif
tas,1993,1,True,https://os.unil.cloud.switch.ch/chelsa02/chelsa/global/monthly/tas/1993/CHELSA_tas_01_1993_V.2.1.tif
tas,1993,2,True,https://os.unil.cloud.switch.ch/chelsa02/chelsa/global/monthly/tas/1993/CHELSA_tas_02_1993_V.2.1.tif
tas,1993,3,True,https://os.unil.cloud.switch.ch/chelsa02/chelsa/global/monthly/tas/1993/CHELSA_tas_03_1993_V.2.1.tif
tas,1993,4,True,https://os.unil.cloud.switch.ch/chelsa02/chelsa/global/monthly/tas/1993/CHELSA_tas_04_1993_V.2.1.tif
tas,1993,5,True,https://os.unil.cloud.switch.ch/chelsa02/chelsa/global/monthly/tas/1993/CHELSA_tas_05_1993_V.2.1.tif
tas,1993,6,True,https://os.unil.cloud.switch.ch/chelsa02/chelsa/global/monthly/tas/1993/CHELSA_tas_06_1993_V.2.1.tif
tas,1993,7,True,https://os.unil.cloud.switch.ch/chelsa02/chelsa/global/monthly/tas/1993/CHELSA_tas_07_1993_V.2.1.tif
tas,1993,8,True,https://os.unil.cloud.switch.ch/chelsa02/chelsa/global/monthly/tas/1993/CHELSA_tas_08_1993_V.2.1.tif
tas,1993,9,True,https://os.unil.cloud.switch.ch/chelsa02/chelsa/global/monthly/tas/1993/CHELSA_tas_09_1993_V.2.1.tif
tas,1993,10,True,https://os.unil.cloud.switch.ch/chelsa02/chelsa/global/monthly/tas/1993/CHELSA_tas_10_1993_V.2.1.tif
tas,1993,11,True,https://os.unil.cloud.switch.ch/chelsa02/chelsa/global/monthly/tas/1993/CHELSA_tas_11_1993_V.2.1.tif
tas,1993,12,True,https://os.unil.cloud.switch.ch/chelsa02/chelsa/global/monthly/tas/1993/CHELSA_tas_12_1993_V.2.1.tif
tas,1994,1,True,https://os.unil.cloud.switch.ch/chelsa02/chelsa/global/monthly/tas/1994/CHELSA_tas_01_1994_V.2.1.tif
tas,1994,2,True,https://os.unil.cloud.switch.ch/chelsa02/chelsa/global/monthly/tas/1994/CHELSA_tas_02_1994_V.2.1.tif
tas,1994,3,True,https://os.unil.cloud.switch.ch/chelsa02/chelsa/global/monthly/tas/1994/CHELSA_tas_03_1994_V.2.1.tif
tas,1994,4,True,https://os.unil.cloud.switch.ch/chelsa02/chelsa/global/monthly/tas/1994/CHELSA_tas_04_1994_V.2.1.tif
tas,1994,5,True,https://os.unil.cloud.switch.ch/chelsa02/chelsa/global/monthly/tas/1994/CHELSA_tas_05_1994_V.2.1.tif
tas,1994,6,True,https://os.unil.cloud.switch.ch/chelsa02/chelsa/global/monthly/tas/1994/CHELSA_tas_06_1994_V.2.1.tif
tas,1994,7,True,https://os.unil.cloud.switch.ch/chelsa02/chelsa/global/monthly/tas/1994/CHELSA_tas_07_1994_V.2.1.tif
tas,1994,8,True,https://os.unil.cloud.switch.ch/chelsa02/chelsa/global/monthly/tas/1994/CHELSA_tas_08_1994_V.2.1.tif
tas,1994,9,True,https://os.unil.cloud.switch.ch/chelsa02/chelsa/global/monthly/tas/1994/CHELSA_tas_09_1994_V.2.1.tif
tas,1994,10,True,https://os.unil.cloud.switch.ch/chelsa02/chelsa/global/monthly/tas/1994/CHELSA_tas_10_1994_V.2.1.tif
tas,1994,11,True,https://os.unil.cloud.switch.ch/chelsa02/chelsa/global/monthly/tas/1994/CHELSA_tas_11_1994_V.2.1.tif
tas,1994,12,True,https://os.unil.cloud.switch.ch/chelsa02/chelsa/global/monthly/tas/1994/CHELSA_tas_12_1994_V.2.1.tif
tas,1995,1,True,https://os.unil.cloud.switch.ch/chelsa02/chelsa/global/monthly/tas/1995/CHELSA_tas_01_1995_V.2.1.tif
tas,1995,2,True,https://os.unil.cloud.switch.ch/chelsa02/chelsa/global/monthly/tas/1995/CHELSA_tas_02_1995_V.2.1.tif
tas,1995,3,True,https://os.unil.cloud.switch.ch/chelsa02/chelsa/global/monthly/tas/1995/CHELSA_tas_03_1995_V.2.1.tif
tas,1995,4,True,https://os.unil.cloud.switch.ch/chelsa02/chelsa/global/monthly/tas/1995/CHELSA_tas_04_1995_V.2.1.tif
tas,1995,5,True,https://os.unil.cloud.switch.ch/chelsa02/chelsa/global/monthly/tas/1995/CHELSA_tas_05_1995_V.2.1.tif
tas,1995,6,True,https://os.unil.cloud.switch.ch/chelsa02/chelsa/global/monthly/tas/1995/CHELSA_tas_06_1995_V.2.1.tif
tas,1995,7,True,https://os.unil.cloud.switch.ch/chelsa02/chelsa/global/monthly/tas/1995/CHELSA_tas_07_1995_V.2.1.tif
tas,1995,8,True,https://os.unil.cloud.switch.ch/chelsa02/chelsa/global/monthly/tas/1995/CHELSA_tas_08_1995_V.2.1.tif
tas,1995,9,True,https://os.unil.cloud.switch.ch/chelsa02/chelsa/global/monthly/tas/1995/CHELSA_tas_09_1995_V.2.1.tif
tas,1995,10,True,https://os.unil.cloud.switch.ch/chelsa02/chelsa/global/monthly/tas/1995/CHELSA_tas_10_1995_V.2.1.tif
tas,1995,11,True,https://os.unil.cloud.switch.ch/chelsa02/chelsa/global/monthly/tas/1995/CHELSA_tas_11_1995_V.2.1.tif
tas,1995,12,True,https://os.unil.cloud.switch.ch/chelsa02/chelsa/global/monthly/tas/1995/CHELSA_tas_12_1995_V.2.1.tif
tas,1996,1,True,https://os.unil.cloud.switch.ch/chelsa02/chelsa/global/monthly/tas/1996/CHELSA_tas_01_1996_V.2.1.tif
tas,1996,2,True,https://os.unil.cloud.switch.ch/chelsa02/chelsa/global/monthly/tas/1996/CHELSA_tas_02_1996_V.2.1.tif
tas,1996,3,True,https://os.unil.cloud.switch.ch/chelsa02/chelsa/global/monthly/tas/1996/CHELSA_tas_03_1996_V.2.1.tif
tas,1996,4,True,https://os.unil.cloud.switch.ch/chelsa02/chelsa/global/monthly/tas/1996/CHELSA_tas_04_1996_V.2.1.tif
tas,1996,5,True,https://os.unil.cloud.switch.ch/chelsa02/chelsa/global/monthly/tas/1996/CHELSA_tas_05_1996_V.2.1.tif
tas,1996,6,True,https://os.unil.cloud.switch.ch/chelsa02/chelsa/global/monthly/tas/1996/CHELSA_tas_06_1996_V.2.1.tif
tas,1996,7,True,https://os.unil.cloud.switch.ch/chelsa02/chelsa/global/monthly/tas/1996/CHELSA_tas_07_1996_V.2.1.tif
tas,1996,8,True,https://os.unil.cloud.switch.ch/chelsa02/chelsa/global/monthly/tas/1996/CHELSA_tas_08_1996_V.2.1.tif
tas,1996,9,True,https://os.unil.cloud.switch.ch/chelsa02/chelsa/global/monthly/tas/1996/CHELSA_tas_09_1996_V.2.1.tif
tas,1996,10,True,https://os.unil.cloud.switch.ch/chelsa02/chelsa/global/monthly/tas/1996/CHELSA_tas_10_1996_V.2.1.tif
tas,1996,11,True,https://os.unil.cloud.switch.ch/chelsa02/chelsa/global/monthly/tas/1996/CHELSA_tas_11_1996_V.2.1.tif
tas,1996,12,True,https://os.unil.cloud.switch.ch/chelsa02/chelsa/global/monthly/tas/1996/CHELSA_tas_12_1996_V.2.1.tif
tas,1997,1,True,https://os.unil.cloud.switch.ch/chelsa02/chelsa/global/monthly/tas/1997/CHELSA_tas_01_1997_V.2.1.tif
tas,1997,2,True,https://os.unil.cloud.switch.ch/chelsa02/chelsa/global/monthly/tas/1997/CHELSA_tas_02_1997_V.2.1.tif
tas,1997,3,True,https://os.unil.cloud.switch.ch/chelsa02/chelsa/global/monthly/tas/1997/CHELSA_tas_03_1997_V.2.1.tif
tas,1997,4,True,https://os.unil.cloud.switch.ch/chelsa02/chelsa/global/monthly/tas/1997/CHELSA_tas_04_1997_V.2.1.tif
tas,1997,5,True,https://os.unil.cloud.switch.ch/chelsa02/chelsa/global/monthly/tas/1997/CHELSA_tas_05_1997_V.2.1.tif
tas,1997,6,True,https://os.unil.cloud.switch.ch/chelsa02/chelsa/global/monthly/tas/1997/CHELSA_tas_06_1997_V.2.1.tif
tas,1997,7,True,https://os.unil.cloud.switch.ch/chelsa02/chelsa/global/monthly/tas/1997/CHELSA_tas_07_1997_V.2.1.tif
tas,1997,8,True,https://os.unil.cloud.switch.ch/chelsa02/chelsa/global/monthly/tas/1997/CHELSA_tas_08_1997_V.2.1.tif
tas,1997,9,True,https://os.unil.cloud.switch.ch/chelsa02/chelsa/global/monthly/tas/1997/CHELSA_tas_09_1997_V.2.1.tif
tas,1997,10,True,https://os.unil.cloud.switch.ch/chelsa02/chelsa/global/monthly/tas/1997/CHELSA_tas_10_1997_V.2.1.tif
tas,1997,11,True,https://os.unil.cloud.switch.ch/chelsa02/chelsa/global/monthly/tas/1997/CHELSA_tas_11_1997_V.2.1.tif
tas,1997,12,True,https://os.unil.cloud.switch.ch/chelsa02/chelsa/global/monthly/tas/1997/CHELSA_tas_12_1997_V.2.1.tif
tas,1998,1,True,https://os.unil.cloud.switch.ch/chelsa02/chelsa/global/monthly/tas/1998/CHELSA_tas_01_1998_V.2.1.tif
tas,1998,2,True,https://os.unil.cloud.switch.ch/chelsa02/chelsa/global/monthly/tas/1998/CHELSA_tas_02_1998_V.2.1.tif
tas,1998,3,True,https://os.unil.cloud.switch.ch/chelsa02/chelsa/global/monthly/tas/1998/CHELSA_tas_03_1998_V.2.1.tif
tas,1998,4,True,https://os.unil.cloud.switch.ch/chelsa02/chelsa/global/monthly/tas/1998/CHELSA_tas_04_1998_V.2.1.tif
tas,1998,5,True,https://os.unil.cloud.switch.ch/chelsa02/chelsa/global/monthly/tas/1998/CHELSA_tas_05_1998_V.2.1.tif
tas,1998,6,True,https://os.unil.cloud.switch.ch/chelsa02/chelsa/global/monthly/tas/1998/CHELSA_tas_06_1998_V.2.1.tif
tas,1998,7,True,https://os.unil.cloud.switch.ch/chelsa02/chelsa/global/monthly/tas/1998/CHELSA_tas_07_1998_V.2.1.tif
tas,1998,8,True,https://os.unil.cloud.switch.ch/chelsa02/chelsa/global/monthly/tas/1998/CHELSA_tas_08_1998_V.2.1.tif
tas,1998,9,True,https://os.unil.cloud.switch.ch/chelsa02/chelsa/global/monthly/tas/1998/CHELSA_tas_09_1998_V.2.1.tif
tas,1998,10,True,https://os.unil.cloud.switch.ch/chelsa02/chelsa/global/monthly/tas/1998/CHELSA_tas_10_1998_V.2.1.tif
tas,1998,11,True,https://os.unil.cloud.switch.ch/chelsa02/chelsa/global/monthly/tas/1998/CHELSA_tas_11_1998_V.2.1.tif
tas,1998,12,True,https://os.unil.cloud.switch.ch/chelsa02/chelsa/global/monthly/tas/1998/CHELSA_tas_12_1998_V.2.1.tif
tas,1999,1,True,https://os.unil.cloud.switch.ch/chelsa02/chelsa/global/monthly/tas/1999/CHELSA_tas_01_1999_V.2.1.tif
tas,1999,2,True,https://os.unil.cloud.switch.ch/chelsa02/chelsa/global/monthly/tas/1999/CHELSA_tas_02_1999_V.2.1.tif
tas,1999,3,True,https://os.unil.cloud.switch.ch/chelsa02/chelsa/global/monthly/tas/1999/CHELSA_tas_03_1999_V.2.1.tif
tas,1999,4,True,https://os.unil.cloud.switch.ch/chelsa02/chelsa/global/monthly/tas/1999/CHELSA_tas_04_1999_V.2.1.tif
tas,1999,5,True,https://os.unil.cloud.switch.ch/chelsa02/chelsa/global/monthly/tas/1999/CHELSA_tas_05_1999_V.2.1.tif
tas,1999,6,True,https://os.unil.cloud.switch.ch/chelsa02/chelsa/global/monthly/tas/1999/CHELSA_tas_06_1999_V.2.1.tif
tas,1999,7,True,https://os.unil.cloud.switch.ch/chelsa02/chelsa/global/monthly/tas/1999/CHELSA_tas_07_1999_V.2.1.tif
tas,1999,8,True,https://os.unil.cloud.switch.ch/chelsa02/chelsa/global/monthly/tas/1999/CHELSA_tas_08_1999_V.2.1.tif
tas,1999,9,True,https://os.unil.cloud.switch.ch/chelsa02/chelsa/global/monthly/tas/1999/CHELSA_tas_09_1999_V.2.1.tif
tas,1999,10,True,https://os.unil.cloud.switch.ch/chelsa02/chelsa/global/monthly/tas/1999/CHELSA_tas_10_1999_V.2.1.tif
tas,1999,11,True,https://os.unil.cloud.switch.ch/chelsa02/chelsa/global/monthly/tas/1999/CHELSA_tas_11_1999_V.2.1.tif
tas,1999,12,True,https://os.unil.cloud.switch.ch/chelsa02/chelsa/global/monthly/tas/1999/CHELSA_tas_12_1999_V.2.1.tif
tas,2000,1,True,https://os.unil.cloud.switch.ch/chelsa02/chelsa/global/monthly/tas/2000/CHELSA_tas_01_2000_V.2.1.tif
tas,2000,2,True,https://os.unil.cloud.switch.ch/chelsa02/chelsa/global/monthly/tas/2000/CHELSA_tas_02_2000_V.2.1.tif
tas,2000,3,True,https://os.unil.cloud.switch.ch/chelsa02/chelsa/global/monthly/tas/2000/CHELSA_tas_03_2000_V.2.1.tif
tas,2000,4,True,https://os.unil.cloud.switch.ch/chelsa02/chelsa/global/monthly/tas/2000/CHELSA_tas_04_2000_V.2.1.tif
tas,2000,5,True,https://os.unil.cloud.switch.ch/chelsa02/chelsa/global/monthly/tas/2000/CHELSA_tas_05_2000_V.2.1.tif
tas,2000,6,True,https://os.unil.cloud.switch.ch/chelsa02/chelsa/global/monthly/tas/2000/CHELSA_tas_06_2000_V.2.1.tif
tas,2000,7,True,https://os.unil.cloud.switch.ch/chelsa02/chelsa/global/monthly/tas/2000/CHELSA_tas_07_2000_V.2.1.tif
tas,2000,8,True,https://os.unil.cloud.switch.ch/chelsa02/chelsa/global/monthly/tas/2000/CHELSA_tas_08_2000_V.2.1.tif
tas,2000,9,True,https://os.unil.cloud.switch.ch/chelsa02/chelsa/global/monthly/tas/2000/CHELSA_tas_09_2000_V.2.1.tif
tas,2000,10,True,https://os.unil.cloud.switch.ch/chelsa02/chelsa/global/monthly/tas/2000/CHELSA_tas_10_2000_V.2.1.tif
tas,2000,11,True,https://os.unil.cloud.switch.ch/chelsa02/chelsa/global/monthly/tas/2000/CHELSA_tas_11_2000_V.2.1.tif
tas,2000,12,True,https://os.unil.cloud.switch.ch/chelsa02/chelsa/global/monthly/tas/2000/CHELSA_tas_12_2000_V.2.1.tif
tas,2001,1,True,https://os.unil.cloud.switch.ch/chelsa02/chelsa/global/monthly/tas/2001/CHELSA_tas_01_2001_V.2.1.tif
tas,2001,2,True,https://os.unil.cloud.switch.ch/chelsa02/chelsa/global/monthly/tas/2001/CHELSA_tas_02_2001_V.2.1.tif
tas,2001,3,True,https://os.unil.cloud.switch.ch/chelsa02/chelsa/global/monthly/tas/2001/CHELSA_tas_03_2001_V.2.1.tif
tas,2001,4,True,https://os.unil.cloud.switch.ch/chelsa02/chelsa/global/monthly/tas/2001/CHELSA_tas_04_2001_V.2.1.tif
tas,2001,5,True,https://os.unil.cloud.switch.ch/chelsa02/chelsa/global/monthly/tas/2001/CHELSA_tas_05_2001_V.2.1.tif
tas,2001,6,True,https://os.unil.cloud.switch.ch/chelsa02/chelsa/global/monthly/tas/2001/CHELSA_tas_06_2001_V.2.1.tif
tas,2001,7,True,https://os.unil.cloud.switch.ch/chelsa02/chelsa/global/monthly/tas/2001/CHELSA_tas_07_2001_V.2.1.tif
tas,2001,8,True,https://os.unil.cloud.switch.ch/chelsa02/chelsa/global/monthly/tas/2001/CHELSA_tas_08_2001_V.2.1.tif
tas,2001,9,True,https://os.unil.cloud.switch.ch/chelsa02/chelsa/global/monthly/tas/2001/CHELSA_tas_09_2001_V.2.1.tif
tas,2001,10,True,https://os.unil.cloud.switch.ch/chelsa02/chelsa/global/monthly/tas/2001/CHELSA_tas_10_2001_V.2.1.tif
tas,2001,11,True,https://os.unil.cloud.switch.ch/chelsa02/chelsa/global/monthly/tas/2001/CHELSA_tas_11_2001_V.2.1.tif
tas,2001,12,True,https://os.unil.cloud.switch.ch/chelsa02/chelsa/global/monthly/tas/2001/CHELSA_tas_12_2001_V.2.1.tif
tas,2002,1,True,https://os.unil.cloud.switch.ch/chelsa02/chelsa/global/monthly/tas/2002/CHELSA_tas_01_2002_V.2.1.tif
tas,2002,2,True,https://os.unil.cloud.switch.ch/chelsa02/chelsa/global/monthly/tas/2002/CHELSA_tas_02_2002_V.2.1.tif
tas,2002,3,True,https://os.unil.cloud.switch.ch/chelsa02/chelsa/global/monthly/tas/2002/CHELSA_tas_03_2002_V.2.1.tif
tas,2002,4,True,https://os.unil.cloud.switch.ch/chelsa02/chelsa/global/monthly/tas/2002/CHELSA_tas_04_2002_V.2.1.tif
tas,2002,5,True,https://os.unil.cloud.switch.ch/chelsa02/chelsa/global/monthly/tas/2002/CHELSA_tas_05_2002_V.2.1.tif
tas,2002,6,True,https://os.unil.cloud.switch.ch/chelsa02/chelsa/global/monthly/tas/2002/CHELSA_tas_06_2002_V.2.1.tif
tas,2002,7,True,https://os.unil.cloud.switch.ch/chelsa02/chelsa/global/monthly/tas/2002/CHELSA_tas_07_2002_V.2.1.tif
tas,2002,8,True,https://os.unil.cloud.switch.ch/chelsa02/chelsa/global/monthly/tas/2002/CHELSA_tas_08_2002_V.2.1.tif
tas,2002,9,True,https://os.unil.cloud.switch.ch/chelsa02/chelsa/global/monthly/tas/2002/CHELSA_tas_09_2002_V.2.1.tif
tas,2002,10,True,https://os.unil.cloud.switch.ch/chelsa02/chelsa/global/monthly/tas/2002/CHELSA_tas_10_2002_V.2.1.tif
tas,2002,11,True,https://os.unil.cloud.switch.ch/chelsa02/chelsa/global/monthly/tas/2002/CHELSA_tas_11_2002_V.2.1.tif
tas,2002,12,True,https://os.unil.cloud.switch.ch/chelsa02/chelsa/global/monthly/tas/2002/CHELSA_tas_12_2002_V.2.1.tif
tas,2003,1,True,https://os.unil.cloud.switch.ch/chelsa02/chelsa/global/monthly/tas/2003/CHELSA_tas_01_2003_V.2.1.tif
tas,2003,2,True,https://os.unil.cloud.switch.ch/chelsa02/chelsa/global/monthly/tas/2003/CHELSA_tas_02_2003_V.2.1.tif
tas,2003,3,True,https://os.unil.cloud.switch.ch/chelsa02/chelsa/global/monthly/tas/2003/CHELSA_tas_03_2003_V.2.1.tif
tas,2003,4,True,https://os.unil.cloud.switch.ch/chelsa02/chelsa/global/monthly/tas/2003/CHELSA_tas_04_2003_V.2.1.tif
tas,2003,5,True,https://os.unil.cloud.switch.ch/chelsa02/chelsa/global/monthly/tas/2003/CHELSA_tas_05_2003_V.2.1.tif
tas,2003,6,True,https://os.unil.cloud.switch.ch/chelsa02/chelsa/global/monthly/tas/2003/CHELSA_tas_06_2003_V.2.1.tif
tas,2003,7,True,https://os.unil.cloud.switch.ch/chelsa02/chelsa/global/monthly/tas/2003/CHELSA_tas_07_2003_V.2.1.tif
tas,2003,8,True,https://os.unil.cloud.switch.ch/chelsa02/chelsa/global/monthly/tas/2003/CHELSA_tas_08_2003_V.2.1.tif
tas,2003,9,True,https://os.unil.cloud.switch.ch/chelsa02/chelsa/global/monthly/tas/2003/CHELSA_tas_09_2003_V.2.1.tif
tas,2003,10,True,https://os.unil.cloud.switch.ch/chelsa02/chelsa/global/monthly/tas/2003/CHELSA_tas_10_2003_V.2.1.tif
tas,2003,11,True,https://os.unil.cloud.switch.ch/chelsa02/chelsa/global/monthly/tas/2003/CHELSA_tas_11_2003_V.2.1.tif
tas,2003,12,True,https://os.unil.cloud.switch.ch/chelsa02/chelsa/global/monthly/tas/2003/CHELSA_tas_12_2003_V.2.1.tif
tas,2004,1,True,https://os.unil.cloud.switch.ch/chelsa02/chelsa/global/monthly/tas/2004/CHELSA_tas_01_2004_V.2.1.tif
tas,2004,2,True,https://os.unil.cloud.switch.ch/chelsa02/chelsa/global/monthly/tas/2004/CHELSA_tas_02_2004_V.2.1.tif
tas,2004,3,True,https://os.unil.cloud.switch.ch/chelsa02/chelsa/global/monthly/tas/2004/CHELSA_tas_03_2004_V.2.1.tif
tas,2004,4,True,https://os.unil.cloud.switch.ch/chelsa02/chelsa/global/monthly/tas/2004/CHELSA_tas_04_2004_V.2.1.tif
tas,2004,5,True,https://os.unil.cloud.switch.ch/chelsa02/chelsa/global/monthly/tas/2004/CHELSA_tas_05_2004_V.2.1.tif
tas,2004,6,True,https://os.unil.cloud.switch.ch/chelsa02/chelsa/global/monthly/tas/2004/CHELSA_tas_06_2004_V.2.1.tif
tas,2004,7,True,https://os.unil.cloud.switch.ch/chelsa02/chelsa/global/monthly/tas/2004/CHELSA_tas_07_2004_V.2.1.tif
tas,2004,8,True,https://os.unil.cloud.switch.ch/chelsa02/chelsa/global/monthly/tas/2004/CHELSA_tas_08_2004_V.2.1.tif
tas,2004,9,True,https://os.unil.cloud.switch.ch/chelsa02/chelsa/global/monthly/tas/2004/CHELSA_tas_09_2004_V.2.1.tif
tas,2004,10,True,https://os.unil.cloud.switch.ch/chelsa02/chelsa/global/monthly/tas/2004/CHELSA_tas_10_2004_V.2.1.tif
tas,2004,11,True,https://os.unil.cloud.switch.ch/chelsa02/chelsa/global/monthly/tas/2004/CHELSA_tas_11_2004_V.2.1.tif
tas,2004,12,True,https://os.unil.cloud.switch.ch/chelsa02/chelsa/global/monthly/tas/2004/CHELSA_tas_12_2004_V.2.1.tif
tas,2005,1,True,https://os.unil.cloud.switch.ch/chelsa02/chelsa/global/monthly/tas/2005/CHELSA_tas_01_2005_V.2.1.tif
tas,2005,2,True,https://os.unil.cloud.switch.ch/chelsa02/chelsa/global/monthly/tas/2005/CHELSA_tas_02_2005_V.2.1.tif
tas,2005,3,True,https://os.unil.cloud.switch.ch/chelsa02/chelsa/global/monthly/tas/2005/CHELSA_tas_03_2005_V.2.1.tif
tas,2005,4,True,https://os.unil.cloud.switch.ch/chelsa02/chelsa/global/monthly/tas/2005/CHELSA_tas_04_2005_V.2.1.tif
tas,2005,5,True,https://os.unil.cloud.switch.ch/chelsa02/chelsa/global/monthly/tas/2005/CHELSA_tas_05_2005_V.2.1.tif
tas,2005,6,True,https://os.unil.cloud.switch.ch/chelsa02/chelsa/global/monthly/tas/2005/CHELSA_tas_06_2005_V.2.1.tif
tas,2005,7,True,https://os.unil.cloud.switch.ch/chelsa02/chelsa/global/monthly/tas/2005/CHELSA_tas_07_2005_V.2.1.tif
tas,2005,8,True,https://os.unil.cloud.switch.ch/chelsa02/chelsa/global/monthly/tas/2005/CHELSA_tas_08_2005_V.2.1.tif
tas,2005,9,True,https://os.unil.cloud.switch.ch/chelsa02/chelsa/global/monthly/tas/2005/CHELSA_tas_09_2005_V.2.1.tif
tas,2005,10,True,https://os.unil.cloud.switch.ch/chelsa02/chelsa/global/monthly/tas/2005/CHELSA_tas_10_2005_V.2.1.tif
tas,2005,11,True,https://os.unil.cloud.switch.ch/chelsa02/chelsa/global/monthly/tas/2005/CHELSA_tas_11_2005_V.2.1.tif
tas,2005,12,True,https://os.unil.cloud.switch.ch/chelsa02/chelsa/global/monthly/tas/2005/CHELSA_tas_12_2005_V.2.1.tif
tas,2006,1,True,https://os.unil.cloud.switch.ch/chelsa02/chelsa/global/monthly/tas/2006/CHELSA_tas_01_2006_V.2.1.tif
tas,2006,2,True,https://os.unil.cloud.switch.ch/chelsa02/chelsa/global/monthly/tas/2006/CHELSA_tas_02_2006_V.2.1.tif
tas,2006,3,True,https://os.unil.cloud.switch.ch/chelsa02/chelsa/global/monthly/tas/2006/CHELSA_tas_03_2006_V.2.1.tif
tas,2006,4,True,https://os.unil.cloud.switch.ch/chelsa02/chelsa/global/monthly/tas/2006/CHELSA_tas_04_2006_V.2.1.tif
tas,2006,5,True,https://os.unil.cloud.switch.ch/chelsa02/chelsa/global/monthly/tas/2006/CHELSA_tas_05_2006_V.2.1.tif
tas,2006,6,True,https://os.unil.cloud.switch.ch/chelsa02/chelsa/global/monthly/tas/2006/CHELSA_tas_06_2006_V.2.1.tif
tas,2006,7,True,https://os.unil.cloud.switch.ch/chelsa02/chelsa/global/monthly/tas/2006/CHELSA_tas_07_2006_V.2.1.tif
tas,2006,8,True,https://os.unil.cloud.switch.ch/chelsa02/chelsa/global/monthly/tas/2006/CHELSA_tas_08_2006_V.2.1.tif
tas,2006,9,True,https://os.unil.cloud.switch.ch/chelsa02/chelsa/global/monthly/tas/2006/CHELSA_tas_09_2006_V.2.1.tif
tas,2006,10,True,https://os.unil.cloud.switch.ch/chelsa02/chelsa/global/monthly/tas/2006/CHELSA_tas_10_2006_V.2.1.tif
tas,2006,11,True,https://os.unil.cloud.switch.ch/chelsa02/chelsa/global/monthly/tas/2006/CHELSA_tas_11_2006_V.2.1.tif
tas,2006,12,True,https://os.unil.cloud.switch.ch/chelsa02/chelsa/global/monthly/tas/2006/CHELSA_tas_12_2006_V.2.1.tif
tas,2007,1,True,https://os.unil.cloud.switch.ch/chelsa02/chelsa/global/monthly/tas/2007/CHELSA_tas_01_2007_V.2.1.tif
tas,2007,2,True,https://os.unil.cloud.switch.ch/chelsa02/chelsa/global/monthly/tas/2007/CHELSA_tas_02_2007_V.2.1.tif
tas,2007,3,True,https://os.unil.cloud.switch.ch/chelsa02/chelsa/global/monthly/tas/2007/CHELSA_tas_03_2007_V.2.1.tif
tas,2007,4,True,https://os.unil.cloud.switch.ch/chelsa02/chelsa/global/monthly/tas/2007/CHELSA_tas_04_2007_V.2.1.tif
tas,2007,5,True,https://os.unil.cloud.switch.ch/chelsa02/chelsa/global/monthly/tas/2007/CHELSA_tas_05_2007_V.2.1.tif
tas,2007,6,True,https://os.unil.cloud.switch.ch/chelsa02/chelsa/global/monthly/tas/2007/CHELSA_tas_06_2007_V.2.1.tif
tas,2007,7,True,https://os.unil.cloud.switch.ch/chelsa02/chelsa/global/monthly/tas/2007/CHELSA_tas_07_2007_V.2.1.tif
tas,2007,8,True,https://os.unil.cloud.switch.ch/chelsa02/chelsa/global/monthly/tas/2007/CHELSA_tas_08_2007_V.2.1.tif
tas,2007,9,True,https://os.unil.cloud.switch.ch/chelsa02/chelsa/global/monthly/tas/2007/CHELSA_tas_09_2007_V.2.1.tif
tas,2007,10,True,https://os.unil.cloud.switch.ch/chelsa02/chelsa/global/monthly/tas/2007/CHELSA_tas_10_2007_V.2.1.tif
tas,2007,11,True,https://os.unil.cloud.switch.ch/chelsa02/chelsa/global/monthly/tas/2007/CHELSA_tas_11_2007_V.2.1.tif
tas,2007,12,True,https://os.unil.cloud.switch.ch/chelsa02/chelsa/global/monthly/tas/2007/CHELSA_tas_12_2007_V.2.1.tif
tas,2008,1,True,https://os.unil.cloud.switch.ch/chelsa02/chelsa/global/monthly/tas/2008/CHELSA_tas_01_2008_V.2.1.tif
tas,2008,2,True,https://os.unil.cloud.switch.ch/chelsa02/chelsa/global/monthly/tas/2008/CHELSA_tas_02_2008_V.2.1.tif
tas,2008,3,True,https://os.unil.cloud.switch.ch/chelsa02/chelsa/global/monthly/tas/2008/CHELSA_tas_03_2008_V.2.1.tif
tas,2008,4,True,https://os.unil.cloud.switch.ch/chelsa02/chelsa/global/monthly/tas/2008/CHELSA_tas_04_2008_V.2.1.tif
tas,2008,5,True,https://os.unil.cloud.switch.ch/chelsa02/chelsa/global/monthly/tas/2008/CHELSA_tas_05_2008_V.2.1.tif
tas,2008,6,True,https://os.unil.cloud.switch.ch/chelsa02/chelsa/global/monthly/tas/2008/CHELSA_tas_06_2008_V.2.1.tif
tas,2008,7,True,https://os.unil.cloud.switch.ch/chelsa02/chelsa/global/monthly/tas/2008/CHELSA_tas_07_2008_V.2.1.tif
tas,2008,8,True,https://os.unil.cloud.switch.ch/chelsa02/chelsa/global/monthly/tas/2008/CHELSA_tas_08_2008_V.2.1.tif
tas,2008,9,True,https://os.unil.cloud.switch.ch/chelsa02/chelsa/global/monthly/tas/2008/CHELSA_tas_09_2008_V.2.1.tif
tas,2008,10,True,https://os.unil.cloud.switch.ch/chelsa02/chelsa/global/monthly/tas/2008/CHELSA_tas_10_2008_V.2.1.tif
tas,2008,11,True,https://os.unil.cloud.switch.ch/chelsa02/chelsa/global/monthly/tas/2008/CHELSA_tas_11_2008_V.2.1.tif
tas,2008,12,True,https://os.unil.cloud.switch.ch/chelsa02/chelsa/global/monthly/tas/2008/CHELSA_tas_12_2008_V.2.1.tif
tas,2009,1,True,https://os.unil.cloud.switch.ch/chelsa02/chelsa/global/monthly/tas/2009/CHELSA_tas_01_2009_V.2.1.tif
tas,2009,2,True,https://os.unil.cloud.switch.ch/chelsa02/chelsa/global/monthly/tas/2009/CHELSA_tas_02_2009_V.2.1.tif
tas,2009,3,True,https://os.unil.cloud.switch.ch/chelsa02/chelsa/global/monthly/tas/2009/CHELSA_tas_03_2009_V.2.1.tif
tas,2009,4,True,https://os.unil.cloud.switch.ch/chelsa02/chelsa/global/monthly/tas/2009/CHELSA_tas_04_2009_V.2.1.tif
tas,2009,5,True,https://os.unil.cloud.switch.ch/chelsa02/chelsa/global/monthly/tas/2009/CHELSA_tas_05_2009_V.2.1.tif
tas,2009,6,True,https://os.unil.cloud.switch.ch/chelsa02/chelsa/global/monthly/tas/2009/CHELSA_tas_06_2009_V.2.1.tif
tas,2009,7,True,https://os.unil.cloud.switch.ch/chelsa02/chelsa/global/monthly/tas/2009/CHELSA_tas_07_2009_V.2.1.tif
tas,2009,8,True,https://os.unil.cloud.switch.ch/chelsa02/chelsa/global/monthly/tas/2009/CHELSA_tas_08_2009_V.2.1.tif
tas,2009,9,True,https://os.unil.cloud.switch.ch/chelsa02/chelsa/global/monthly/tas/2009/CHELSA_tas_09_2009_V.2.1.tif
tas,2009,10,True,https://os.unil.cloud.switch.ch/chelsa02/chelsa/global/monthly/tas/2009/CHELSA_tas_10_2009_V.2.1.tif
tas,2009,11,True,https://os.unil.cloud.switch.ch/chelsa02/chelsa/global/monthly/tas/2009/CHELSA_tas_11_2009_V.2.1.tif
tas,2009,12,True,https://os.unil.cloud.switch.ch/chelsa02/chelsa/global/monthly/tas/2009/CHELSA_tas_12_2009_V.2.1.tif
tas,2010,1,True,https://os.unil.cloud.switch.ch/chelsa02/chelsa/global/monthly/tas/2010/CHELSA_tas_01_2010_V.2.1.tif
tas,2010,2,True,https://os.unil.cloud.switch.ch/chelsa02/chelsa/global/monthly/tas/2010/CHELSA_tas_02_2010_V.2.1.tif
tas,2010,3,True,https://os.unil.cloud.switch.ch/chelsa02/chelsa/global/monthly/tas/2010/CHELSA_tas_03_2010_V.2.1.tif
tas,2010,4,True,https://os.unil.cloud.switch.ch/chelsa02/chelsa/global/monthly/tas/2010/CHELSA_tas_04_2010_V.2.1.tif
tas,2010,5,True,https://os.unil.cloud.switch.ch/chelsa02/chelsa/global/monthly/tas/2010/CHELSA_tas_05_2010_V.2.1.tif
tas,2010,6,True,https://os.unil.cloud.switch.ch/chelsa02/chelsa/global/monthly/tas/2010/CHELSA_tas_06_2010_V.2.1.tif
tas,2010,7,True,https://os.unil.cloud.switch.ch/chelsa02/chelsa/global/monthly/tas/2010/CHELSA_tas_07_2010_V.2.1.tif
tas,2010,8,True,https://os.unil.cloud.switch.ch/chelsa02/chelsa/global/monthly/tas/2010/CHELSA_tas_08_2010_V.2.1.tif
tas,2010,9,True,https://os.unil.cloud.switch.ch/chelsa02/chelsa/global/monthly/tas/2010/CHELSA_tas_09_2010_V.2.1.tif
tas,2010,10,True,https://os.unil.cloud.switch.ch/chelsa02/chelsa/global/monthly/tas/2010/CHELSA_tas_10_2010_V.2.1.tif
tas,2010,11,True,https://os.unil.cloud.switch.ch/chelsa02/chelsa/global/monthly/tas/2010/CHELSA_tas_11_2010_V.2.1.tif
tas,2010,12,True,https://os.unil.cloud.switch.ch/chelsa02/chelsa/global/monthly/tas/2010/CHELSA_tas_12_2010_V.2.1.tif
tas,2011,1,True,https://os.unil.cloud.switch.ch/chelsa02/chelsa/global/monthly/tas/2011/CHELSA_tas_01_2011_V.2.1.tif
tas,2011,2,True,https://os.unil.cloud.switch.ch/chelsa02/chelsa/global/monthly/tas/2011/CHELSA_tas_02_2011_V.2.1.tif
tas,2011,3,True,https://os.unil.cloud.switch.ch/chelsa02/chelsa/global/monthly/tas/2011/CHELSA_tas_03_2011_V.2.1.tif
tas,2011,4,True,https://os.unil.cloud.switch.ch/chelsa02/chelsa/global/monthly/tas/2011/CHELSA_tas_04_2011_V.2.1.tif
tas,2011,5,True,https://os.unil.cloud.switch.ch/chelsa02/chelsa/global/monthly/tas/2011/CHELSA_tas_05_2011_V.2.1.tif
tas,2011,6,True,https://os.unil.cloud.switch.ch/chelsa02/chelsa/global/monthly/tas/2011/CHELSA_tas_06_2011_V.2.1.tif
tas,2011,7,True,https://os.unil.cloud.switch.ch/chelsa02/chelsa/global/monthly/tas/2011/CHELSA_tas_07_2011_V.2.1.tif
tas,2011,8,True,https://os.unil.cloud.switch.ch/chelsa02/chelsa/global/monthly/tas/2011/CHELSA_tas_08_2011_V.2.1.tif
tas,2011,9,True,https://os.unil.cloud.switch.ch/chelsa02/chelsa/global/monthly/tas/2011/CHELSA_tas_09_2011_V.2.1.tif
tas,2011,10,True,https://os.unil.cloud.switch.ch/chelsa02/chelsa/global/monthly/tas/2011/CHELSA_tas_10_2011_V.2.1.tif
tas,2011,11,True,https://os.unil.cloud.switch.ch/chelsa02/chelsa/global/monthly/tas/2011/CHELSA_tas_11_2011_V.2.1.tif
tas,2011,12,True,https://os.unil.cloud.switch.ch/chelsa02/chelsa/global/monthly/tas/2011/CHELSA_tas_12_2011_V.2.1.tif
tas,2012,1,True,https://os.unil.cloud.switch.ch/chelsa02/chelsa/global/monthly/tas/2012/CHELSA_tas_01_2012_V.2.1.tif
tas,2012,2,True,https://os.unil.cloud.switch.ch/chelsa02/chelsa/global/monthly/tas/2012/CHELSA_tas_02_2012_V.2.1.tif
tas,2012,3,True,https://os.unil.cloud.switch.ch/chelsa02/chelsa/global/monthly/tas/2012/CHELSA_tas_03_2012_V.2.1.tif
tas,2012,4,True,https://os.unil.cloud.switch.ch/chelsa02/chelsa/global/monthly/tas/2012/CHELSA_tas_04_2012_V.2.1.tif
tas,2012,5,True,https://os.unil.cloud.switch.ch/chelsa02/chelsa/global/monthly/tas/2012/CHELSA_tas_05_2012_V.2.1.tif
tas,2012,6,True,https://os.unil.cloud.switch.ch/chelsa02/chelsa/global/monthly/tas/2012/CHELSA_tas_06_2012_V.2.1.tif
tas,2012,7,True,https://os.unil.cloud.switch.ch/chelsa02/chelsa/global/monthly/tas/2012/CHELSA_tas_07_2012_V.2.1.tif
tas,2012,8,True,https://os.unil.cloud.switch.ch/chelsa02/chelsa/global/monthly/tas/2012/CHELSA_tas_08_2012_V.2.1.tif
tas,2012,9,True,https://os.unil.cloud.switch.ch/chelsa02/chelsa/global/monthly/tas/2012/CHELSA_tas_09_2012_V.2.1.tif
tas,2012,10,True,https://os.unil.cloud.switch.ch/chelsa02/chelsa/global/monthly/tas/2012/CHELSA_tas_10_2012_V.2.1.tif
tas,2012,11,True,https://os.unil.cloud.switch.ch/chelsa02/chelsa/global/monthly/tas/2012/CHELSA_tas_11_2012_V.2.1.tif
tas,2012,12,True,https://os.unil.cloud.switch.ch/chelsa02/chelsa/global/monthly/tas/2012/CHELSA_tas_12_2012_V.2.1.tif
tas,2013,1,True,https://os.unil.cloud.switch.ch/chelsa02/chelsa/global/monthly/tas/2013/CHELSA_tas_01_2013_V.2.1.tif
tas,2013,2,True,https://os.unil.cloud.switch.ch/chelsa02/chelsa/global/monthly/tas/2013/CHELSA_tas_02_2013_V.2.1.tif
tas,2013,3,True,https://os.unil.cloud.switch.ch/chelsa02/chelsa/global/monthly/tas/2013/CHELSA_tas_03_2013_V.2.1.tif
tas,2013,4,True,https://os.unil.cloud.switch.ch/chelsa02/chelsa/global/monthly/tas/2013/CHELSA_tas_04_2013_V.2.1.tif
tas,2013,5,True,https://os.unil.cloud.switch.ch/chelsa02/chelsa/global/monthly/tas/2013/CHELSA_tas_05_2013_V.2.1.tif
tas,2013,6,True,https://os.unil.cloud.switch.ch/chelsa02/chelsa/global/monthly/tas/2013/CHELSA_tas_06_2013_V.2.1.tif
tas,2013,7,True,https://os.unil.cloud.switch.ch/chelsa02/chelsa/global/monthly/tas/2013/CHELSA_tas_07_2013_V.2.1.tif
tas,2013,8,True,https://os.unil.cloud.switch.ch/chelsa02/chelsa/global/monthly/tas/2013/CHELSA_tas_08_2013_V.2.1.tif
tas,2013,9,True,https://os.unil.cloud.switch.ch/chelsa02/chelsa/global/monthly/tas/2013/CHELSA_tas_09_2013_V.2.1.tif
tas,2013,10,True,https://os.unil.cloud.switch.ch/chelsa02/chelsa/global/monthly/tas/2013/CHELSA_tas_10_2013_V.2.1.tif
tas,2013,11,True,https://os.unil.cloud.switch.ch/chelsa02/chelsa/global/monthly/tas/2013/CHELSA_tas_11_2013_V.2.1.tif
tas,2013,12,True,https://os.unil.cloud.switch.ch/chelsa02/chelsa/global/monthly/tas/2013/CHELSA_tas_12_2013_V.2.1.tif
tas,2014,1,True,https://os.unil.cloud.switch.ch/chelsa02/chelsa/global/monthly/tas/2014/CHELSA_tas_01_2014_V.2.1.tif
tas,2014,2,True,https://os.unil.cloud.switch.ch/chelsa02/chelsa/global/monthly/tas/2014/CHELSA_tas_02_2014_V.2.1.tif
tas,2014,3,True,https://os.unil.cloud.switch.ch/chelsa02/chelsa/global/monthly/tas/2014/CHELSA_tas_03_2014_V.2.1.tif
tas,2014,4,True,https://os.unil.cloud.switch.ch/chelsa02/chelsa/global/monthly/tas/2014/CHELSA_tas_04_2014_V.2.1.tif
tas,2014,5,True,https://os.unil.cloud.switch.ch/chelsa02/chelsa/global/monthly/tas/2014/CHELSA_tas_05_2014_V.2.1.tif
tas,2014,6,True,https://os.unil.cloud.switch.ch/chelsa02/chelsa/global/monthly/tas/2014/CHELSA_tas_06_2014_V.2.1.tif
tas,2014,7,True,https://os.unil.cloud.switch.ch/chelsa02/chelsa/global/monthly/tas/2014/CHELSA_tas_07_2014_V.2.1.tif
tas,2014,8,True,https://os.unil.cloud.switch.ch/chelsa02/chelsa/global/monthly/tas/2014/CHELSA_tas_08_2014_V.2.1.tif
tas,2014,9,True,https://os.unil.cloud.switch.ch/chelsa02/chelsa/global/monthly/tas/2014/CHELSA_tas_09_2014_V.2.1.tif
tas,2014,10,True,https://os.unil.cloud.switch.ch/chelsa02/chelsa/global/monthly/tas/2014/CHELSA_tas_10_2014_V.2.1.tif
tas,2014,11,True,https://os.unil.cloud.switch.ch/chelsa02/chelsa/global/monthly/tas/2014/CHELSA_tas_11_2014_V.2.1.tif
tas,2014,12,True,https://os.unil.cloud.switch.ch/chelsa02/chelsa/global/monthly/tas/2014/CHELSA_tas_12_2014_V.2.1.tif
tas,2015,1,True,https://os.unil.cloud.switch.ch/chelsa02/chelsa/global/monthly/tas/2015/CHELSA_tas_01_2015_V.2.1.tif
tas,2015,2,True,https://os.unil.cloud.switch.ch/chelsa02/chelsa/global/monthly/tas/2015/CHELSA_tas_02_2015_V.2.1.tif
tas,2015,3,True,https://os.unil.cloud.switch.ch/chelsa02/chelsa/global/monthly/tas/2015/CHELSA_tas_03_2015_V.2.1.tif
tas,2015,4,True,https://os.unil.cloud.switch.ch/chelsa02/chelsa/global/monthly/tas/2015/CHELSA_tas_04_2015_V.2.1.tif
tas,2015,5,True,https://os.unil.cloud.switch.ch/chelsa02/chelsa/global/monthly/tas/2015/CHELSA_tas_05_2015_V.2.1.tif
tas,2015,6,True,https://os.unil.cloud.switch.ch/chelsa02/chelsa/global/monthly/tas/2015/CHELSA_tas_06_2015_V.2.1.tif
tas,2015,7,True,https://os.unil.cloud.switch.ch/chelsa02/chelsa/global/monthly/tas/2015/CHELSA_tas_07_2015_V.2.1.tif
tas,2015,8,True,https://os.unil.cloud.switch.ch/chelsa02/chelsa/global/monthly/tas/2015/CHELSA_tas_08_2015_V.2.1.tif
tas,2015,9,True,https://os.unil.cloud.switch.ch/chelsa02/chelsa/global/monthly/tas/2015/CHELSA_tas_09_2015_V.2.1.tif
tas,2015,10,True,https://os.unil.cloud.switch.ch/chelsa02/chelsa/global/monthly/tas/2015/CHELSA_tas_10_2015_V.2.1.tif
tas,2015,11,True,https://os.unil.cloud.switch.ch/chelsa02/chelsa/global/monthly/tas/2015/CHELSA_tas_11_2015_V.2.1.tif
tas,2015,12,True,https://os.unil.cloud.switch.ch/chelsa02/chelsa/global/monthly/tas/2015/CHELSA_tas_12_2015_V.2.1.tif
tas,2016,1,True,https://os.unil.cloud.switch.ch/chelsa02/chelsa/global/monthly/tas/2016/CHELSA_tas_01_2016_V.2.1.tif
tas,2016,2,True,https://os.unil.cloud.switch.ch/chelsa02/chelsa/global/monthly/tas/2016/CHELSA_tas_02_2016_V.2.1.tif
tas,2016,3,True,https://os.unil.cloud.switch.ch/chelsa02/chelsa/global/monthly/tas/2016/CHELSA_tas_03_2016_V.2.1.tif
tas,2016,4,True,https://os.unil.cloud.switch.ch/chelsa02/chelsa/global/monthly/tas/2016/CHELSA_tas_04_2016_V.2.1.tif
tas,2016,5,True,https://os.unil.cloud.switch.ch/chelsa02/chelsa/global/monthly/tas/2016/CHELSA_tas_05_2016_V.2.1.tif
tas,2016,6,True,https://os.unil.cloud.switch.ch/chelsa02/chelsa/global/monthly/tas/2016/CHELSA_tas_06_2016_V.2.1.tif
tas,2016,7,True,https://os.unil.cloud.switch.ch/chelsa02/chelsa/global/monthly/tas/2016/CHELSA_tas_07_2016_V.2.1.tif
tas,2016,8,True,https://os.unil.cloud.switch.ch/chelsa02/chelsa/global/monthly/tas/2016/CHELSA_tas_08_2016_V.2.1.tif
tas,2016,9,True,https://os.unil.cloud.switch.ch/chelsa02/chelsa/global/monthly/tas/2016/CHELSA_tas_09_2016_V.2.1.tif
tas,2016,10,True,https://os.unil.cloud.switch.ch/chelsa02/chelsa/global/monthly/tas/2016/CHELSA_tas_10_2016_V.2.1.tif
tas,2016,11,True,https://os.unil.cloud.switch.ch/chelsa02/chelsa/global/monthly/tas/2016/CHELSA_tas_11_2016_V.2.1.tif
tas,2016,12,True,https://os.unil.cloud.switch.ch/chelsa02/chelsa/global/monthly/tas/2016/CHELSA_tas_12_2016_V.2.1.tif
tas,2017,1,True,https://os.unil.cloud.switch.ch/chelsa02/chelsa/global/monthly/tas/2017/CHELSA_tas_01_2017_V.2.1.tif
tas,2017,2,True,https://os.unil.cloud.switch.ch/chelsa02/chelsa/global/monthly/tas/2017/CHELSA_tas_02_2017_V.2.1.tif
tas,2017,3,True,https://os.unil.cloud.switch.ch/chelsa02/chelsa/global/monthly/tas/2017/CHELSA_tas_03_2017_V.2.1.tif
tas,2017,4,True,https://os.unil.cloud.switch.ch/chelsa02/chelsa/global/monthly/tas/2017/CHELSA_tas_04_2017_V.2.1.tif
tas,2017,5,True,https://os.unil.cloud.switch.ch/chelsa02/chelsa/global/monthly/tas/2017/CHELSA_tas_05_2017_V.2.1.tif
tas,2017,6,True,https://os.unil.cloud.switch.ch/chelsa02/chelsa/global/monthly/tas/2017/CHELSA_tas_06_2017_V.2.1.tif
tas,2017,7,True,https://os.unil.cloud.switch.ch/chelsa02/chelsa/global/monthly/tas/2017/CHELSA_tas_07_2017_V.2.1.tif
tas,2017,8,True,https://os.unil.cloud.switch.ch/chelsa02/chelsa/global/monthly/tas/2017/CHELSA_tas_08_2017_V.2.1.tif
tas,2017,9,True,https://os.unil.cloud.switch.ch/chelsa02/chelsa/global/monthly/tas/2017/CHELSA_tas_09_2017_V.2.1.tif
tas,2017,10,True,https://os.unil.cloud.switch.ch/chelsa02/chelsa/global/monthly/tas/2017/CHELSA_tas_10_2017_V.2.1.tif
tas,2017,11,True,https://os.unil.cloud.switch.ch/chelsa02/chelsa/global/monthly/tas/2017/CHELSA_tas_11_2017_V.2.1.tif
tas,2017,12,True,https://os.unil.cloud.switch.ch/chelsa02/chelsa/global/monthly/tas/2017/CHELSA_tas_12_2017_V.2.1.tif
tas,2018,1,True,https://os.unil.cloud.switch.ch/chelsa02/chelsa/global/monthly/tas/2018/CHELSA_tas_01_2018_V.2.1.tif
tas,2018,2,True,https://os.unil.cloud.switch.ch/chelsa02/chelsa/global/monthly/tas/2018/CHELSA_tas_02_2018_V.2.1.tif
tas,2018,3,True,https://os.unil.cloud.switch.ch/chelsa02/chelsa/global/monthly/tas/2018/CHELSA_tas_03_2018_V.2.1.tif
tas,2018,4,True,https://os.unil.cloud.switch.ch/chelsa02/chelsa/global/monthly/tas/2018/CHELSA_tas_04_2018_V.2.1.tif
tas,2018,5,True,https://os.unil.cloud.switch.ch/chelsa02/chelsa/global/monthly/tas/2018/CHELSA_tas_05_2018_V.2.1.tif
tas,2018,6,True,https://os.unil.cloud.switch.ch/chelsa02/chelsa/global/monthly/tas/2018/CHELSA_tas_06_2018_V.2.1.tif
tas,2018,7,True,https://os.unil.cloud.switch.ch/chelsa02/chelsa/global/monthly/tas/2018/CHELSA_tas_07_2018_V.2.1.tif
tas,2018,8,True,https://os.unil.cloud.switch.ch/chelsa02/chelsa/global/monthly/tas/2018/CHELSA_tas_08_2018_V.2.1.tif
tas,2018,9,True,https://os.unil.cloud.switch.ch/chelsa02/chelsa/global/monthly/tas/2018/CHELSA_tas_09_2018_V.2.1.tif
tas,2018,10,True,https://os.unil.cloud.switch.ch/chelsa02/chelsa/global/monthly/tas/2018/CHELSA_tas_10_2018_V.2.1.tif
tas,2018,11,True,https://os.unil.cloud.switch.ch/chelsa02/chelsa/global/monthly/tas/2018/CHELSA_tas_11_2018_V.2.1.tif
tas,2018,12,True,https://os.unil.cloud.switch.ch/chelsa02/chelsa/global/monthly/tas/2018/CHELSA_tas_12_2018_V.2.1.tif
tas,2019,1,True,https://os.unil.cloud.switch.ch/chelsa02/chelsa/global/monthly/tas/2019/CHELSA_tas_01_2019_V.2.1.tif
tas,2019,2,True,https://os.unil.cloud.switch.ch/chelsa02/chelsa/global/monthly/tas/2019/CHELSA_tas_02_2019_V.2.1.tif
tas,2019,3,True,https://os.unil.cloud.switch.ch/chelsa02/chelsa/global/monthly/tas/2019/CHELSA_tas_03_2019_V.2.1.tif
tas,2019,4,True,https://os.unil.cloud.switch.ch/chelsa02/chelsa/global/monthly/tas/2019/CHELSA_tas_04_2019_V.2.1.tif
tas,2019,5,True,https://os.unil.cloud.switch.ch/chelsa02/chelsa/global/monthly/tas/2019/CHELSA_tas_05_2019_V.2.1.tif
tas,2019,6,True,https://os.unil.cloud.switch.ch/chelsa02/chelsa/global/monthly/tas/2019/CHELSA_tas_06_2019_V.2.1.tif
tas,2019,7,True,https://os.unil.cloud.switch.ch/chelsa02/chelsa/global/monthly/tas/2019/CHELSA_tas_07_2019_V.2.1.tif
tas,2019,8,True,https://os.unil.cloud.switch.ch/chelsa02/chelsa/global/monthly/tas/2019/CHELSA_tas_08_2019_V.2.1.tif
tas,2019,9,True,https://os.unil.cloud.switch.ch/chelsa02/chelsa/global/monthly/tas/2019/CHELSA_tas_09_2019_V.2.1.tif
tas,2019,10,True,https://os.unil.cloud.switch.ch/chelsa02/chelsa/global/monthly/tas/2019/CHELSA_tas_10_2019_V.2.1.tif
tas,2019,11,True,https://os.unil.cloud.switch.ch/chelsa02/chelsa/global/monthly/tas/2019/CHELSA_tas_11_2019_V.2.1.tif
tas,2019,12,True,https://os.unil.cloud.switch.ch/chelsa02/chelsa/global/monthly/tas/2019/CHELSA_tas_12_2019_V.2.1.tif
tas,2020,1,True,https://os.unil.cloud.switch.ch/chelsa02/chelsa/global/monthly/tas/2020/CHELSA_tas_01_2020_V.2.1.tif
tas,2020,2,True,https://os.unil.cloud.switch.ch/chelsa02/chelsa/global/monthly/tas/2020/CHELSA_tas_02_2020_V.2.1.tif
tas,2020,3,True,https://os.unil.cloud.switch.ch/chelsa02/chelsa/global/monthly/tas/2020/CHELSA_tas_03_2020_V.2.1.tif
tas,2020,4,True,https://os.unil.cloud.switch.ch/chelsa02/chelsa/global/monthly/tas/2020/CHELSA_tas_04_2020_V.2.1.tif
tas,2020,5,True,https://os.unil.cloud.switch.ch/chelsa02/chelsa/global/monthly/tas/2020/CHELSA_tas_05_2020_V.2.1.tif
tas,2020,6,True,https://os.unil.cloud.switch.ch/chelsa02/chelsa/global/monthly/tas/2020/CHELSA_tas_06_2020_V.2.1.tif
tas,2020,7,True,https://os.unil.cloud.switch.ch/chelsa02/chelsa/global/monthly/tas/2020/CHELSA_tas_07_2020_V.2.1.tif
tas,2020,8,True,https://os.unil.cloud.switch.ch/chelsa02/chelsa/global/monthly/tas/2020/CHELSA_tas_08_2020_V.2.1.tif
tas,2020,9,True,https://os.unil.cloud.switch.ch/chelsa02/chelsa/global/monthly/tas/2020/CHELSA_tas_09_2020_V.2.1.tif
tas,2020,10,True,https://os.unil.cloud.switch.ch/chelsa02/chelsa/global/monthly/tas/2020/CHELSA_tas_10_2020_V.2.1.tif
tas,2020,11,True,https://os.unil.cloud.switch.ch/chelsa02/chelsa/global/monthly/tas/2020/CHELSA_tas_11_2020_V.2.1.tif
tas,2020,12,True,https://os.unil.cloud.switch.ch/chelsa02/chelsa/global/monthly/tas/2020/CHELSA_tas_12_2020_V.2.1.tif
